Dex_Number,Generation,Name,Base_Name,Form,Total,HP,Attack,Defense,Sp_Atk,Sp_Def,Speed,Type_1,Type_2,Legendary,Mythical,Shiny_Obtainable
1,1,Bulbasaur,Bulbasaur,,318,45,49,49,65,65,45,Grass,Poison,0,0,1
2,1,Ivysaur,Ivysaur,,405,60,62,63,80,80,60,Grass,Poison,0,0,1
3,1,Venusaur,Venusaur,,525,80,82,83,100,100,80,Grass,Poison,0,0,1
3,1,Venusaur (Mega),Venusaur,Mega,625,80,100,123,122,120,80,Grass,Poison,0,0,1
4,1,Charmander,Charmander,,309,39,52,43,60,50,65,Fire,,0,0,1
5,1,Charmeleon,Charmeleon,,405,58,64,58,80,65,80,Fire,,0,0,1
6,1,Charizard,Charizard,,534,78,84,78,109,85,100,Fire,Flying,0,0,1
6,1,Charizard (Mega X),Charizard,Mega X,634,78,130,111,130,85,100,Fire,Dragon,0,0,1
6,1,Charizard (Mega Y),Charizard,Mega Y,634,78,104,78,159,115,100,Fire,Flying,0,0,1
7,1,Squirtle,Squirtle,,314,44,48,65,50,64,43,Water,,0,0,1
8,1,Wartortle,Wartortle,,405,59,63,80,65,80,58,Water,,0,0,1
9,1,Blastoise,Blastoise,,530,79,83,100,85,105,78,Water,,0,0,1
9,1,Blastoise (Mega),Blastoise,Mega,630,79,103,120,135,115,78,Water,,0,0,1
10,1,Caterpie,Caterpie,,195,45,30,35,20,20,45,Bug,,0,0,1
11,1,Metapod,Metapod,,205,50,20,55,25,25,30,Bug,,0,0,1
12,1,Butterfree,Butterfree,,395,60,45,50,90,80,70,Bug,Flying,0,0,1
13,1,Weedle,Weedle,,195,40,35,30,20,20,50,Bug,Poison,0,0,1
14,1,Kakuna,Kakuna,,205,45,25,50,25,25,35,Bug,Poison,0,0,1
15,1,Beedrill,Beedrill,,395,65,90,40,45,80,75,Bug,Poison,0,0,1
15,1,Beedrill (Mega),Beedrill,Mega,495,65,150,40,15,80,145,Bug,Poison,0,0,1
16,1,Pidgey,Pidgey,,251,40,45,40,35,35,56,Normal,Flying,0,0,1
17,1,Pidgeotto,Pidgeotto,,349,63,60,55,50,50,71,Normal,Flying,0,0,1
18,1,Pidgeot,Pidgeot,,479,83,80,75,70,70,101,Normal,Flying,0,0,1
18,1,Pidgeot (Mega),Pidgeot,Mega,579,83,80,80,135,80,121,Normal,Flying,0,0,1
19,1,Rattata,Rattata,,253,30,56,35,25,35,72,Normal,,0,0,1
19,1,Rattata (Alolan),Rattata,Alolan,253,30,56,35,25,35,72,Dark,Normal,0,0,1
20,1,Raticate,Raticate,,413,55,81,60,50,70,97,Normal,,0,0,1
20,1,Raticate (Alolan),Raticate,Alolan,413,75,71,70,40,80,77,Dark,Normal,0,0,1
21,1,Spearow,Spearow,,262,40,60,30,31,31,70,Normal,Flying,0,0,1
22,1,Fearow,Fearow,,442,65,90,65,61,61,100,Normal,Flying,0,0,1
23,1,Ekans,Ekans,,288,35,60,44,40,54,55,Poison,,0,0,1
24,1,Arbok,Arbok,,448,60,95,69,65,79,80,Poison,,0,0,1
25,1,Pikachu,Pikachu,,320,35,55,40,50,50,90,Electric,,0,0,1
25,1,Pikachu (Partner),Pikachu,Partner,430,45,80,50,75,60,120,Electric,,0,0,1
26,1,Raichu,Raichu,,485,60,90,55,90,80,110,Electric,,0,0,1
26,1,Raichu (Alolan),Raichu,Alolan,485,60,85,50,95,85,110,Electric,Psychic,0,0,1
27,1,Sandshrew,Sandshrew,,300,50,75,85,20,30,40,Ground,,0,0,1
27,1,Sandshrew (Alolan),Sandshrew,Alolan,300,50,75,90,10,35,40,Ice,Steel,0,0,1
28,1,Sandslash,Sandslash,,450,75,100,110,45,55,65,Ground,,0,0,1
28,1,Sandslash (Alolan),Sandslash,Alolan,450,75,100,120,25,65,65,Ice,Steel,0,0,1
29,1,Nidoran♀,Nidoran♀,,275,55,47,52,40,40,41,Poison,,0,0,1
30,1,Nidorina,Nidorina,,365,70,62,67,55,55,56,Poison,,0,0,1
31,1,Nidoqueen,Nidoqueen,,505,90,92,87,75,85,76,Poison,Ground,0,0,1
32,1,Nidoran♂,Nidoran♂,,273,46,57,40,40,40,50,Poison,,0,0,1
33,1,Nidorino,Nidorino,,365,61,72,57,55,55,65,Poison,,0,0,1
34,1,Nidoking,Nidoking,,505,81,102,77,85,75,85,Poison,Ground,0,0,1
35,1,Clefairy,Clefairy,,323,70,45,48,60,65,35,Fairy,,0,0,1
36,1,Clefable,Clefable,,483,95,70,73,95,90,60,Fairy,,0,0,1
37,1,Vulpix,Vulpix,,299,38,41,40,50,65,65,Fire,,0,0,1
37,1,Vulpix (Alolan),Vulpix,Alolan,299,38,41,40,50,65,65,Ice,,0,0,1
38,1,Ninetales,Ninetales,,505,73,76,75,81,100,100,Fire,,0,0,1
38,1,Ninetales (Alolan),Ninetales,Alolan,505,73,67,75,81,100,109,Ice,Fairy,0,0,1
39,1,Jigglypuff,Jigglypuff,,270,115,45,20,45,25,20,Normal,Fairy,0,0,1
40,1,Wigglytuff,Wigglytuff,,435,140,70,45,85,50,45,Normal,Fairy,0,0,1
41,1,Zubat,Zubat,,245,40,45,35,30,40,55,Poison,Flying,0,0,1
42,1,Golbat,Golbat,,455,75,80,70,65,75,90,Poison,Flying,0,0,1
43,1,Oddish,Oddish,,320,45,50,55,75,65,30,Grass,Poison,0,0,1
44,1,Gloom,Gloom,,395,60,65,70,85,75,40,Grass,Poison,0,0,1
45,1,Vileplume,Vileplume,,490,75,80,85,110,90,50,Grass,Poison,0,0,1
46,1,Paras,Paras,,285,35,70,55,45,55,25,Bug,Grass,0,0,1
47,1,Parasect,Parasect,,405,60,95,80,60,80,30,Bug,Grass,0,0,1
48,1,Venonat,Venonat,,305,60,55,50,40,55,45,Bug,Poison,0,0,1
49,1,Venomoth,Venomoth,,450,70,65,60,90,75,90,Bug,Poison,0,0,1
50,1,Diglett,Diglett,,265,10,55,25,35,45,95,Ground,,0,0,1
50,1,Diglett (Alolan),Diglett,Alolan,265,10,55,30,35,45,90,Ground,Steel,0,0,1
51,1,Dugtrio,Dugtrio,,425,35,100,50,50,70,120,Ground,,0,0,1
51,1,Dugtrio (Alolan),Dugtrio,Alolan,425,35,100,60,50,70,110,Ground,Steel,0,0,1
52,1,Meowth,Meowth,,290,40,45,35,40,40,90,Normal,,0,0,1
52,1,Meowth (Alolan),Meowth,Alolan,290,40,35,35,50,40,90,Dark,,0,0,1
52,1,Meowth (Galarian),Meowth,Galarian,290,50,65,55,40,40,40,Steel,,0,0,1
53,1,Persian,Persian,,440,65,70,60,65,65,115,Normal,,0,0,1
53,1,Persian (Alolan),Persian,Alolan,440,65,60,60,75,65,115,Dark,,0,0,1
54,1,Psyduck,Psyduck,,320,50,52,48,65,50,55,Water,,0,0,1
55,1,Golduck,Golduck,,500,80,82,78,95,80,85,Water,,0,0,1
56,1,Mankey,Mankey,,305,40,80,35,35,45,70,Fighting,,0,0,1
57,1,Primeape,Primeape,,455,65,105,60,60,70,95,Fighting,,0,0,1
58,1,Growlithe,Growlithe,,350,55,70,45,70,50,60,Fire,,0,0,1
58,1,Growlithe (Hisuian),Growlithe,Hisuian,350,60,75,45,65,50,55,Fire,Rock,0,0,1
59,1,Arcanine,Arcanine,,555,90,110,80,100,80,95,Fire,,0,0,1
59,1,Arcanine (Hisuian),Arcanine,Hisuian,555,95,115,80,95,80,90,Fire,Rock,0,0,1
60,1,Poliwag,Poliwag,,300,40,50,40,40,40,90,Water,,0,0,1
61,1,Poliwhirl,Poliwhirl,,385,65,65,65,50,50,90,Water,,0,0,1
62,1,Poliwrath,Poliwrath,,510,90,95,95,70,90,70,Water,Fighting,0,0,1
63,1,Abra,Abra,,310,25,20,15,105,55,90,Psychic,,0,0,1
64,1,Kadabra,Kadabra,,400,40,35,30,120,70,105,Psychic,,0,0,1
65,1,Alakazam,Alakazam,,500,55,50,45,135,95,120,Psychic,,0,0,1
65,1,Alakazam (Mega),Alakazam,Mega,600,55,50,65,175,105,150,Psychic,,0,0,1
66,1,Machop,Machop,,305,70,80,50,35,35,35,Fighting,,0,0,1
67,1,Machoke,Machoke,,405,80,100,70,50,60,45,Fighting,,0,0,1
68,1,Machamp,Machamp,,505,90,130,80,65,85,55,Fighting,,0,0,1
69,1,Bellsprout,Bellsprout,,300,50,75,35,70,30,40,Grass,Poison,0,0,1
70,1,Weepinbell,Weepinbell,,390,65,90,50,85,45,55,Grass,Poison,0,0,1
71,1,Victreebel,Victreebel,,490,80,105,65,100,70,70,Grass,Poison,0,0,1
71,1,Victreebel (Mega),Victreebel,Mega,590,80,125,85,135,95,70,Grass,Poison,0,0,1
72,1,Tentacool,Tentacool,,335,40,40,35,50,100,70,Water,Poison,0,0,1
73,1,Tentacruel,Tentacruel,,515,80,70,65,80,120,100,Water,Poison,0,0,1
74,1,Geodude,Geodude,,300,40,80,100,30,30,20,Rock,Ground,0,0,1
74,1,Geodude (Alolan),Geodude,Alolan,300,40,80,100,30,30,20,Rock,Electric,0,0,1
75,1,Graveler,Graveler,,390,55,95,115,45,45,35,Rock,Ground,0,0,1
75,1,Graveler (Alolan),Graveler,Alolan,390,55,95,115,45,45,35,Rock,Electric,0,0,1
76,1,Golem,Golem,,495,80,120,130,55,65,45,Rock,Ground,0,0,1
76,1,Golem (Alolan),Golem,Alolan,495,80,120,130,55,65,45,Rock,Electric,0,0,1
77,1,Ponyta,Ponyta,,410,50,85,55,65,65,90,Fire,,0,0,1
77,1,Ponyta (Galarian),Ponyta,Galarian,410,50,85,55,65,65,90,Psychic,,0,0,1
78,1,Rapidash,Rapidash,,500,65,100,70,80,80,105,Fire,,0,0,1
78,1,Rapidash (Galarian),Rapidash,Galarian,500,65,100,70,80,80,105,Psychic,Fairy,0,0,1
79,1,Slowpoke,Slowpoke,,315,90,65,65,40,40,15,Water,Psychic,0,0,1
79,1,Slowpoke (Galarian),Slowpoke,Galarian,315,90,65,65,40,40,15,Psychic,,0,0,1
80,1,Slowbro,Slowbro,,490,95,75,110,100,80,30,Water,Psychic,0,0,1
80,1,Slowbro (Mega),Slowbro,Mega,590,95,75,180,130,80,30,Water,Psychic,0,0,1
80,1,Slowbro (Galarian),Slowbro,Galarian,490,95,100,95,100,70,30,Poison,Psychic,0,0,1
81,1,Magnemite,Magnemite,,325,25,35,70,95,55,45,Electric,Steel,0,0,1
82,1,Magneton,Magneton,,465,50,60,95,120,70,70,Electric,Steel,0,0,1
83,1,Farfetch'd,Farfetch'd,,377,52,90,55,58,62,60,Normal,Flying,0,0,1
83,1,Farfetch'd (Galarian),Farfetch'd,Galarian,377,52,95,55,58,62,55,Fighting,,0,0,1
84,1,Doduo,Doduo,,310,35,85,45,35,35,75,Normal,Flying,0,0,1
85,1,Dodrio,Dodrio,,470,60,110,70,60,60,110,Normal,Flying,0,0,1
86,1,Seel,Seel,,325,65,45,55,45,70,45,Water,,0,0,1
87,1,Dewgong,Dewgong,,475,90,70,80,70,95,70,Water,Ice,0,0,1
88,1,Grimer,Grimer,,325,80,80,50,40,50,25,Poison,,0,0,1
88,1,Grimer (Alolan),Grimer,Alolan,325,80,80,50,40,50,25,Poison,Dark,0,0,1
89,1,Muk,Muk,,500,105,105,75,65,100,50,Poison,,0,0,1
89,1,Muk (Alolan),Muk,Alolan,500,105,105,75,65,100,50,Poison,Dark,0,0,1
90,1,Shellder,Shellder,,305,30,65,100,45,25,40,Water,,0,0,1
91,1,Cloyster,Cloyster,,525,50,95,180,85,45,70,Water,Ice,0,0,1
92,1,Gastly,Gastly,,310,30,35,30,100,35,80,Ghost,Poison,0,0,1
93,1,Haunter,Haunter,,405,45,50,45,115,55,95,Ghost,Poison,0,0,1
94,1,Gengar,Gengar,,500,60,65,60,130,75,110,Ghost,Poison,0,0,1
94,1,Gengar (Mega),Gengar,Mega,600,60,65,80,170,95,130,Ghost,Poison,0,0,1
95,1,Onix,Onix,,385,35,45,160,30,45,70,Rock,Ground,0,0,1
96,1,Drowzee,Drowzee,,328,60,48,45,43,90,42,Psychic,,0,0,1
97,1,Hypno,Hypno,,483,85,73,70,73,115,67,Psychic,,0,0,1
98,1,Krabby,Krabby,,325,30,105,90,25,25,50,Water,,0,0,1
99,1,Kingler,Kingler,,475,55,130,115,50,50,75,Water,,0,0,1
100,1,Voltorb,Voltorb,,330,40,30,50,55,55,100,Electric,,0,0,1
100,1,Voltorb (Hisuian),Voltorb,Hisuian,330,40,30,50,55,55,100,Electric,Grass,0,0,1
101,1,Electrode,Electrode,,490,60,50,70,80,80,150,Electric,,0,0,1
101,1,Electrode (Hisuian),Electrode,Hisuian,490,60,50,70,80,80,150,Electric,Grass,0,0,1
102,1,Exeggcute,Exeggcute,,325,60,40,80,60,45,40,Grass,Psychic,0,0,1
103,1,Exeggutor,Exeggutor,,530,95,95,85,125,75,55,Grass,Psychic,0,0,1
103,1,Exeggutor (Alolan),Exeggutor,Alolan,530,95,105,85,125,75,45,Grass,Dragon,0,0,1
104,1,Cubone,Cubone,,320,50,50,95,40,50,35,Ground,,0,0,1
105,1,Marowak,Marowak,,425,60,80,110,50,80,45,Ground,,0,0,1
105,1,Marowak (Alolan),Marowak,Alolan,425,60,80,110,50,80,45,Fire,Ghost,0,0,1
106,1,Hitmonlee,Hitmonlee,,455,50,120,53,35,110,87,Fighting,,0,0,1
107,1,Hitmonchan,Hitmonchan,,455,50,105,79,35,110,76,Fighting,,0,0,1
108,1,Lickitung,Lickitung,,385,90,55,75,60,75,30,Normal,,0,0,1
109,1,Koffing,Koffing,,340,40,65,95,60,45,35,Poison,,0,0,1
110,1,Weezing,Weezing,,490,65,90,120,85,70,60,Poison,,0,0,1
110,1,Weezing (Galarian),Weezing,Galarian,490,65,90,120,85,70,60,Poison,Fairy,0,0,1
111,1,Rhyhorn,Rhyhorn,,345,80,85,95,30,30,25,Ground,Rock,0,0,1
112,1,Rhydon,Rhydon,,485,105,130,120,45,45,40,Ground,Rock,0,0,1
113,1,Chansey,Chansey,,450,250,5,5,35,105,50,Normal,,0,0,1
114,1,Tangela,Tangela,,435,65,55,115,100,40,60,Grass,,0,0,1
115,1,Kangaskhan,Kangaskhan,,490,105,95,80,40,80,90,Normal,,0,0,1
115,1,Kangaskhan (Mega),Kangaskhan,Mega,590,105,125,100,60,100,100,Normal,,0,0,1
116,1,Horsea,Horsea,,295,30,40,70,70,25,60,Water,,0,0,1
117,1,Seadra,Seadra,,440,55,65,95,95,45,85,Water,,0,0,1
118,1,Goldeen,Goldeen,,320,45,67,60,35,50,63,Water,,0,0,1
119,1,Seaking,Seaking,,450,80,92,65,65,80,68,Water,,0,0,1
120,1,Staryu,Staryu,,340,30,45,55,70,55,85,Water,,0,0,1
121,1,Starmie,Starmie,,520,60,75,85,100,85,115,Water,Psychic,0,0,1
122,1,Mr. Mime,Mr. Mime,,460,40,45,65,100,120,90,Psychic,Fairy,0,0,1
122,1,Mr. Mime (Galarian),Mr. Mime,Galarian,460,50,65,65,90,90,100,Ice,Psychic,0,0,1
123,1,Scyther,Scyther,,500,70,110,80,55,80,105,Bug,Flying,0,0,1
124,1,Jynx,Jynx,,455,65,50,35,115,95,95,Ice,Psychic,0,0,1
125,1,Electabuzz,Electabuzz,,490,65,83,57,95,85,105,Electric,,0,0,1
126,1,Magmar,Magmar,,495,65,95,57,100,85,93,Fire,,0,0,1
127,1,Pinsir,Pinsir,,500,65,125,100,55,70,85,Bug,,0,0,1
127,1,Pinsir (Mega),Pinsir,Mega,600,65,155,120,65,90,105,Bug,Flying,0,0,1
128,1,Tauros,Tauros,,490,75,100,95,40,70,110,Normal,,0,0,1
128,1,Tauros (Combat Breed),Tauros,Combat Breed,490,75,110,105,30,70,100,Fighting,,0,0,1
128,1,Tauros (Blaze Breed),Tauros,Blaze Breed,490,75,110,105,30,70,100,Fighting,Fire,0,0,1
128,1,Tauros (Aqua Breed),Tauros,Aqua Breed,490,75,110,105,30,70,100,Fighting,Water,0,0,1
129,1,Magikarp,Magikarp,,200,20,10,55,15,20,80,Water,,0,0,1
130,1,Gyarados,Gyarados,,540,95,125,79,60,100,81,Water,Flying,0,0,1
130,1,Gyarados (Mega),Gyarados,Mega,640,95,155,109,70,130,81,Water,Dark,0,0,1
131,1,Lapras,Lapras,,535,130,85,80,85,95,60,Water,Ice,0,0,1
132,1,Ditto,Ditto,,288,48,48,48,48,48,48,Normal,,0,0,1
133,1,Eevee,Eevee,,325,55,55,50,45,65,55,Normal,,0,0,1
133,1,Eevee (Partner),Eevee,Partner,435,65,75,70,65,85,75,Normal,,0,0,1
134,1,Vaporeon,Vaporeon,,525,130,65,60,110,95,65,Water,,0,0,1
135,1,Jolteon,Jolteon,,525,65,65,60,110,95,130,Electric,,0,0,1
136,1,Flareon,Flareon,,525,65,130,60,95,110,65,Fire,,0,0,1
137,1,Porygon,Porygon,,395,65,60,70,85,75,40,Normal,,0,0,1
138,1,Omanyte,Omanyte,,355,35,40,100,90,55,35,Rock,Water,0,0,1
139,1,Omastar,Omastar,,495,70,60,125,115,70,55,Rock,Water,0,0,1
140,1,Kabuto,Kabuto,,355,30,80,90,55,45,55,Rock,Water,0,0,1
141,1,Kabutops,Kabutops,,495,60,115,105,65,70,80,Rock,Water,0,0,1
142,1,Aerodactyl,Aerodactyl,,515,80,105,65,60,75,130,Rock,Flying,0,0,1
142,1,Aerodactyl (Mega),Aerodactyl,Mega,615,80,135,85,70,95,150,Rock,Flying,0,0,1
143,1,Snorlax,Snorlax,,540,160,110,65,65,110,30,Normal,,0,0,1
144,1,Articuno,Articuno,,580,90,85,100,95,125,85,Ice,Flying,1,0,1
144,1,Articuno (Galarian),Articuno,Galarian,580,90,85,85,125,100,95,Psychic,Flying,1,0,1
145,1,Zapdos,Zapdos,,580,90,90,85,125,90,100,Electric,Flying,1,0,1
145,1,Zapdos (Galarian),Zapdos,Galarian,580,90,125,90,85,90,100,Fighting,Flying,1,0,1
146,1,Moltres,Moltres,,580,90,100,90,125,85,90,Fire,Flying,1,0,1
146,1,Moltres (Galarian),Moltres,Galarian,580,90,85,90,100,125,90,Dark,Flying,1,0,1
147,1,Dratini,Dratini,,300,41,64,45,50,50,50,Dragon,,0,0,1
148,1,Dragonair,Dragonair,,420,61,84,65,70,70,70,Dragon,,0,0,1
149,1,Dragonite,Dragonite,,600,91,134,95,100,100,80,Dragon,Flying,0,0,1
149,1,Dragonite (Mega),Dragonite,Mega,700,91,124,115,145,125,100,Dragon,Flying,0,0,1
150,1,Mewtwo,Mewtwo,,680,106,110,90,154,90,130,Psychic,,1,0,1
150,1,Mewtwo (Mega X),Mewtwo,Mega X,780,106,190,100,154,100,130,Psychic,Fighting,1,0,1
150,1,Mewtwo (Mega Y),Mewtwo,Mega Y,780,106,150,70,194,120,140,Psychic,,1,0,1
151,1,Mew,Mew,,600,100,100,100,100,100,100,Psychic,,0,1,1
152,2,Chikorita,Chikorita,,318,45,49,65,49,65,45,Grass,,0,0,1
153,2,Bayleef,Bayleef,,405,60,62,80,63,80,60,Grass,,0,0,1
154,2,Meganium,Meganium,,525,80,82,100,83,100,80,Grass,,0,0,1
155,2,Cyndaquil,Cyndaquil,,309,39,52,43,60,50,65,Fire,,0,0,1
156,2,Quilava,Quilava,,405,58,64,58,80,65,80,Fire,,0,0,1
157,2,Typhlosion,Typhlosion,,534,78,84,78,109,85,100,Fire,,0,0,1
157,2,Typhlosion (Hisuian),Typhlosion,Hisuian,534,73,84,78,119,85,95,Fire,Ghost,0,0,1
158,2,Totodile,Totodile,,314,50,65,64,44,48,43,Water,,0,0,1
159,2,Croconaw,Croconaw,,405,65,80,80,59,63,58,Water,,0,0,1
160,2,Feraligatr,Feraligatr,,530,85,105,100,79,83,78,Water,,0,0,1
161,2,Sentret,Sentret,,215,35,46,34,35,45,20,Normal,,0,0,1
162,2,Furret,Furret,,415,85,76,64,45,55,90,Normal,,0,0,1
163,2,Hoothoot,Hoothoot,,262,60,30,30,36,56,50,Normal,Flying,0,0,1
164,2,Noctowl,Noctowl,,452,100,50,50,86,96,70,Normal,Flying,0,0,1
165,2,Ledyba,Ledyba,,265,40,20,30,40,80,55,Bug,Flying,0,0,1
166,2,Ledian,Ledian,,390,55,35,50,55,110,85,Bug,Flying,0,0,1
167,2,Spinarak,Spinarak,,250,40,60,40,40,40,30,Bug,Poison,0,0,1
168,2,Ariados,Ariados,,400,70,90,70,60,70,40,Bug,Poison,0,0,1
169,2,Crobat,Crobat,,535,85,90,80,70,80,130,Poison,Flying,0,0,1
170,2,Chinchou,Chinchou,,330,75,38,38,56,56,67,Water,Electric,0,0,1
171,2,Lanturn,Lanturn,,460,125,58,58,76,76,67,Water,Electric,0,0,1
172,2,Pichu,Pichu,,205,20,40,15,35,35,60,Electric,,0,0,1
173,2,Cleffa,Cleffa,,218,50,25,28,45,55,15,Fairy,,0,0,1
174,2,Igglybuff,Igglybuff,,210,90,30,15,40,20,15,Normal,Fairy,0,0,1
175,2,Togepi,Togepi,,245,35,20,65,40,65,20,Fairy,,0,0,1
176,2,Togetic,Togetic,,405,55,40,85,80,105,40,Fairy,Flying,0,0,1
177,2,Natu,Natu,,320,40,50,45,70,45,70,Psychic,Flying,0,0,1
178,2,Xatu,Xatu,,470,65,75,70,95,70,95,Psychic,Flying,0,0,1
179,2,Mareep,Mareep,,280,55,40,40,65,45,35,Electric,,0,0,1
180,2,Flaaffy,Flaaffy,,365,70,55,55,80,60,45,Electric,,0,0,1
181,2,Ampharos,Ampharos,,510,90,75,85,115,90,55,Electric,,0,0,1
181,2,Ampharos (Mega),Ampharos,Mega,610,90,95,105,165,110,45,Electric,Dragon,0,0,1
182,2,Bellossom,Bellossom,,490,75,80,95,90,100,50,Grass,,0,0,1
183,2,Marill,Marill,,250,70,20,50,20,50,40,Water,Fairy,0,0,1
184,2,Azumarill,Azumarill,,420,100,50,80,60,80,50,Water,Fairy,0,0,1
185,2,Sudowoodo,Sudowoodo,,410,70,100,115,30,65,30,Rock,,0,0,1
186,2,Politoed,Politoed,,500,90,75,75,90,100,70,Water,,0,0,1
187,2,Hoppip,Hoppip,,250,35,35,40,35,55,50,Grass,Flying,0,0,1
188,2,Skiploom,Skiploom,,340,55,45,50,45,65,80,Grass,Flying,0,0,1
189,2,Jumpluff,Jumpluff,,460,75,55,70,55,95,110,Grass,Flying,0,0,1
190,2,Aipom,Aipom,,360,55,70,55,40,55,85,Normal,,0,0,1
191,2,Sunkern,Sunkern,,180,30,30,30,30,30,30,Grass,,0,0,1
192,2,Sunflora,Sunflora,,425,75,75,55,105,85,30,Grass,,0,0,1
193,2,Yanma,Yanma,,390,65,65,45,75,45,95,Bug,Flying,0,0,1
194,2,Wooper,Wooper,,210,55,45,45,25,25,15,Water,Ground,0,0,1
194,2,Wooper (Paldean),Wooper,Paldean,210,55,45,45,25,25,15,Poison,Ground,0,0,1
195,2,Quagsire,Quagsire,,430,95,85,85,65,65,35,Water,Ground,0,0,1
196,2,Espeon,Espeon,,525,65,65,60,130,95,110,Psychic,,0,0,1
197,2,Umbreon,Umbreon,,525,95,65,110,60,130,65,Dark,,0,0,1
198,2,Murkrow,Murkrow,,405,60,85,42,85,42,91,Dark,Flying,0,0,1
199,2,Slowking,Slowking,,490,95,75,80,100,110,30,Water,Psychic,0,0,1
199,2,Slowking (Galarian),Slowking,Galarian,490,95,65,80,110,110,30,Poison,Psychic,0,0,1
200,2,Misdreavus,Misdreavus,,435,60,60,60,85,85,85,Ghost,,0,0,1
201,2,Unown,Unown,,336,48,72,48,72,48,48,Psychic,,0,0,1
202,2,Wobbuffet,Wobbuffet,,405,190,33,58,33,58,33,Psychic,,0,0,1
203,2,Girafarig,Girafarig,,455,70,80,65,90,65,85,Normal,Psychic,0,0,1
204,2,Pineco,Pineco,,290,50,65,90,35,35,15,Bug,,0,0,1
205,2,Forretress,Forretress,,465,75,90,140,60,60,40,Bug,Steel,0,0,1
206,2,Dunsparce,Dunsparce,,415,100,70,70,65,65,45,Normal,,0,0,1
207,2,Gligar,Gligar,,430,65,75,105,35,65,85,Ground,Flying,0,0,1
208,2,Steelix,Steelix,,510,75,85,200,55,65,30,Steel,Ground,0,0,1
208,2,Steelix (Mega),Steelix,Mega,610,75,125,230,55,95,30,Steel,Ground,0,0,1
209,2,Snubbull,Snubbull,,300,60,80,50,40,40,30,Fairy,,0,0,1
210,2,Granbull,Granbull,,450,90,120,75,60,60,45,Fairy,,0,0,1
211,2,Qwilfish,Qwilfish,,440,65,95,85,55,55,85,Water,Poison,0,0,1
211,2,Qwilfish (Hisuian),Qwilfish,Hisuian,440,65,95,85,55,55,85,Dark,Poison,0,0,1
212,2,Scizor,Scizor,,500,70,130,100,55,80,65,Bug,Steel,0,0,1
212,2,Scizor (Mega),Scizor,Mega,600,70,150,140,65,100,75,Bug,Steel,0,0,1
213,2,Shuckle,Shuckle,,505,20,10,230,10,230,5,Bug,Rock,0,0,1
214,2,Heracross,Heracross,,500,80,125,75,40,95,85,Bug,Fighting,0,0,1
214,2,Heracross (Mega),Heracross,Mega,600,80,185,115,40,105,75,Bug,Fighting,0,0,1
215,2,Sneasel,Sneasel,,430,55,95,55,35,75,115,Dark,Ice,0,0,1
215,2,Sneasel (Hisuian),Sneasel,Hisuian,430,55,95,55,35,75,115,Fighting,Poison,0,0,1
216,2,Teddiursa,Teddiursa,,330,60,80,50,50,50,40,Normal,,0,0,1
217,2,Ursaring,Ursaring,,500,90,130,75,75,75,55,Normal,,0,0,1
218,2,Slugma,Slugma,,250,40,40,40,70,40,20,Fire,,0,0,1
219,2,Magcargo,Magcargo,,430,60,50,120,90,80,30,Fire,Rock,0,0,1
220,2,Swinub,Swinub,,250,50,50,40,30,30,50,Ice,Ground,0,0,1
221,2,Piloswine,Piloswine,,450,100,100,80,60,60,50,Ice,Ground,0,0,1
222,2,Corsola,Corsola,,410,65,55,95,65,95,35,Water,Rock,0,0,1
222,2,Corsola (Galarian),Corsola,Galarian,410,60,55,100,65,100,30,Ghost,,0,0,1
223,2,Remoraid,Remoraid,,300,35,65,35,65,35,65,Water,,0,0,1
224,2,Octillery,Octillery,,480,75,105,75,105,75,45,Water,,0,0,1
225,2,Delibird,Delibird,,330,45,55,45,65,45,75,Ice,Flying,0,0,1
226,2,Mantine,Mantine,,485,85,40,70,80,140,70,Water,Flying,0,0,1
227,2,Skarmory,Skarmory,,465,65,80,140,40,70,70,Steel,Flying,0,0,1
228,2,Houndour,Houndour,,330,45,60,30,80,50,65,Dark,Fire,0,0,1
229,2,Houndoom,Houndoom,,500,75,90,50,110,80,95,Dark,Fire,0,0,1
229,2,Houndoom (Mega),Houndoom,Mega,600,75,90,90,140,90,115,Dark,Fire,0,0,1
230,2,Kingdra,Kingdra,,540,75,95,95,95,95,85,Water,Dragon,0,0,1
231,2,Phanpy,Phanpy,,330,90,60,60,40,40,40,Ground,,0,0,1
232,2,Donphan,Donphan,,500,90,120,120,60,60,50,Ground,,0,0,1
233,2,Porygon2,Porygon2,,515,85,80,90,105,95,60,Normal,,0,0,1
234,2,Stantler,Stantler,,465,73,95,62,85,65,85,Normal,,0,0,1
235,2,Smeargle,Smeargle,,250,55,20,35,20,45,75,Normal,,0,0,1
236,2,Tyrogue,Tyrogue,,210,35,35,35,35,35,35,Fighting,,0,0,1
237,2,Hitmontop,Hitmontop,,455,50,95,95,35,110,70,Fighting,,0,0,1
238,2,Smoochum,Smoochum,,305,45,30,15,85,65,65,Ice,Psychic,0,0,1
239,2,Elekid,Elekid,,360,45,63,37,65,55,95,Electric,,0,0,1
240,2,Magby,Magby,,365,45,75,37,70,55,83,Fire,,0,0,1
241,2,Miltank,Miltank,,490,95,80,105,40,70,100,Normal,,0,0,1
242,2,Blissey,Blissey,,540,255,10,10,75,135,55,Normal,,0,0,1
243,2,Raikou,Raikou,,580,90,85,75,115,100,115,Electric,,1,0,1
244,2,Entei,Entei,,580,115,115,85,90,75,100,Fire,,1,0,1
245,2,Suicune,Suicune,,580,100,75,115,90,115,85,Water,,1,0,1
246,2,Larvitar,Larvitar,,300,50,64,50,45,50,41,Rock,Ground,0,0,1
247,2,Pupitar,Pupitar,,410,70,84,70,65,70,51,Rock,Ground,0,0,1
248,2,Tyranitar,Tyranitar,,600,100,134,110,95,100,61,Rock,Dark,0,0,1
248,2,Tyranitar (Mega),Tyranitar,Mega,700,100,164,150,95,120,71,Rock,Dark,0,0,1
249,2,Lugia,Lugia,,680,106,90,130,90,154,110,Psychic,Flying,1,0,1
250,2,Ho-oh,Ho-oh,,680,106,130,90,110,154,90,Fire,Flying,0,0,1
251,2,Celebi,Celebi,,600,100,100,100,100,100,100,Psychic,Grass,0,1,1
252,3,Treecko,Treecko,,310,40,45,35,65,55,70,Grass,,0,0,1
253,3,Grovyle,Grovyle,,405,50,65,45,85,65,95,Grass,,0,0,1
254,3,Sceptile,Sceptile,,530,70,85,65,105,85,120,Grass,,0,0,1
254,3,Sceptile (Mega),Sceptile,Mega,630,70,110,75,145,85,145,Grass,Dragon,0,0,1
255,3,Torchic,Torchic,,310,45,60,40,70,50,45,Fire,,0,0,1
256,3,Combusken,Combusken,,405,60,85,60,85,60,55,Fire,Fighting,0,0,1
257,3,Blaziken,Blaziken,,530,80,120,70,110,70,80,Fire,Fighting,0,0,1
257,3,Blaziken (Mega),Blaziken,Mega,630,80,160,80,130,80,100,Fire,Fighting,0,0,1
258,3,Mudkip,Mudkip,,310,50,70,50,50,50,40,Water,,0,0,1
259,3,Marshtomp,Marshtomp,,405,70,85,70,60,70,50,Water,Ground,0,0,1
260,3,Swampert,Swampert,,535,100,110,90,85,90,60,Water,Ground,0,0,1
260,3,Swampert (Mega),Swampert,Mega,635,100,150,110,95,110,70,Water,Ground,0,0,1
261,3,Poochyena,Poochyena,,220,35,55,35,30,30,35,Dark,,0,0,1
262,3,Mightyena,Mightyena,,420,70,90,70,60,60,70,Dark,,0,0,1
263,3,Zigzagoon,Zigzagoon,,240,38,30,41,30,41,60,Normal,,0,0,1
263,3,Zigzagoon (Galarian),Zigzagoon,Galarian,240,38,30,41,30,41,60,Dark,Normal,0,0,1
264,3,Linoone,Linoone,,420,78,70,61,50,61,100,Normal,,0,0,1
264,3,Linoone (Galarian),Linoone,Galarian,420,78,70,61,50,61,100,Dark,Normal,0,0,1
265,3,Wurmple,Wurmple,,195,45,45,35,20,30,20,Bug,,0,0,1
266,3,Silcoon,Silcoon,,205,50,35,55,25,25,15,Bug,,0,0,1
267,3,Beautifly,Beautifly,,395,60,70,50,100,50,65,Bug,Flying,0,0,1
268,3,Cascoon,Cascoon,,205,50,35,55,25,25,15,Bug,,0,0,1
269,3,Dustox,Dustox,,385,60,50,70,50,90,65,Bug,Poison,0,0,1
270,3,Lotad,Lotad,,220,40,30,30,40,50,30,Water,Grass,0,0,1
271,3,Lombre,Lombre,,340,60,50,50,60,70,50,Water,Grass,0,0,1
272,3,Ludicolo,Ludicolo,,480,80,70,70,90,100,70,Water,Grass,0,0,1
273,3,Seedot,Seedot,,220,40,40,50,30,30,30,Grass,,0,0,1
274,3,Nuzleaf,Nuzleaf,,340,70,70,40,60,40,60,Grass,Dark,0,0,1
275,3,Shiftry,Shiftry,,480,90,100,60,90,60,80,Grass,Dark,0,0,1
276,3,Taillow,Taillow,,270,40,55,30,30,30,85,Normal,Flying,0,0,1
277,3,Swellow,Swellow,,455,60,85,60,75,50,125,Normal,Flying,0,0,1
278,3,Wingull,Wingull,,270,40,30,30,55,30,85,Water,Flying,0,0,1
279,3,Pelipper,Pelipper,,440,60,50,100,95,70,65,Water,Flying,0,0,1
280,3,Ralts,Ralts,,198,28,25,25,45,35,40,Psychic,Fairy,0,0,1
281,3,Kirlia,Kirlia,,278,38,35,35,65,55,50,Psychic,Fairy,0,0,1
282,3,Gardevoir,Gardevoir,,518,68,65,65,125,115,80,Psychic,Fairy,0,0,1
282,3,Gardevoir (Mega),Gardevoir,Mega,618,68,85,65,165,135,100,Psychic,Fairy,0,0,1
283,3,Surskit,Surskit,,269,40,30,32,50,52,65,Bug,Water,0,0,1
284,3,Masquerain,Masquerain,,454,70,60,62,100,82,80,Bug,Flying,0,0,1
285,3,Shroomish,Shroomish,,295,60,40,60,40,60,35,Grass,,0,0,1
286,3,Breloom,Breloom,,460,60,130,80,60,60,70,Grass,Fighting,0,0,1
287,3,Slakoth,Slakoth,,280,60,60,60,35,35,30,Normal,,0,0,1
288,3,Vigoroth,Vigoroth,,440,80,80,80,55,55,90,Normal,,0,0,1
289,3,Slaking,Slaking,,670,150,160,100,95,65,100,Normal,,0,0,1
290,3,Nincada,Nincada,,266,31,45,90,30,30,40,Bug,Ground,0,0,1
291,3,Ninjask,Ninjask,,456,61,90,45,50,50,160,Bug,Flying,0,0,1
292,3,Shedinja,Shedinja,,236,1,90,45,30,30,40,Bug,Ghost,0,0,1
293,3,Whismur,Whismur,,240,64,51,23,51,23,28,Normal,,0,0,1
294,3,Loudred,Loudred,,360,84,71,43,71,43,48,Normal,,0,0,1
295,3,Exploud,Exploud,,490,104,91,63,91,73,68,Normal,,0,0,1
296,3,Makuhita,Makuhita,,237,72,60,30,20,30,25,Fighting,,0,0,1
297,3,Hariyama,Hariyama,,474,144,120,60,40,60,50,Fighting,,0,0,1
298,3,Azurill,Azurill,,190,50,20,40,20,40,20,Normal,Fairy,0,0,1
299,3,Nosepass,Nosepass,,375,30,45,135,45,90,30,Rock,,0,0,1
300,3,Skitty,Skitty,,260,50,45,45,35,35,50,Normal,,0,0,1
301,3,Delcatty,Delcatty,,400,70,65,65,55,55,90,Normal,,0,0,1
302,3,Sableye,Sableye,,380,50,75,75,65,65,50,Dark,Ghost,0,0,1
302,3,Sableye (Mega),Sableye,Mega,480,50,85,125,85,115,20,Dark,Ghost,0,0,1
303,3,Mawile,Mawile,,380,50,85,85,55,55,50,Steel,Fairy,0,0,1
303,3,Mawile (Mega),Mawile,Mega,480,50,105,125,55,95,50,Steel,Fairy,0,0,1
304,3,Aron,Aron,,330,50,70,100,40,40,30,Steel,Rock,0,0,1
305,3,Lairon,Lairon,,430,60,90,140,50,50,40,Steel,Rock,0,0,1
306,3,Aggron,Aggron,,530,70,110,180,60,60,50,Steel,Rock,0,0,1
306,3,Aggron (Mega),Aggron,Mega,630,70,140,230,60,80,50,Steel,,0,0,1
307,3,Meditite,Meditite,,280,30,40,55,40,55,60,Fighting,Psychic,0,0,1
308,3,Medicham,Medicham,,410,60,60,75,60,75,80,Fighting,Psychic,0,0,1
308,3,Medicham (Mega),Medicham,Mega,510,60,100,85,80,85,100,Fighting,Psychic,0,0,1
309,3,Electrike,Electrike,,295,40,45,40,65,40,65,Electric,,0,0,1
310,3,Manectric,Manectric,,475,70,75,60,105,60,105,Electric,,0,0,1
310,3,Manectric (Mega),Manectric,Mega,575,70,75,80,135,80,135,Electric,,0,0,1
311,3,Plusle,Plusle,,405,60,50,40,85,75,95,Electric,,0,0,1
312,3,Minun,Minun,,405,60,40,50,75,85,95,Electric,,0,0,1
313,3,Volbeat,Volbeat,,430,65,73,75,47,85,85,Bug,,0,0,1
314,3,Illumise,Illumise,,430,65,47,75,73,85,85,Bug,,0,0,1
315,3,Roselia,Roselia,,400,50,60,45,100,80,65,Grass,Poison,0,0,1
316,3,Gulpin,Gulpin,,302,70,43,53,43,53,40,Poison,,0,0,1
317,3,Swalot,Swalot,,467,100,73,83,73,83,55,Poison,,0,0,1
318,3,Carvanha,Carvanha,,305,45,90,20,65,20,65,Water,Dark,0,0,1
319,3,Sharpedo,Sharpedo,,460,70,120,40,95,40,95,Water,Dark,0,0,1
319,3,Sharpedo (Mega),Sharpedo,Mega,560,70,140,70,110,65,105,Water,Dark,0,0,1
320,3,Wailmer,Wailmer,,400,130,70,35,70,35,60,Water,,0,0,1
321,3,Wailord,Wailord,,500,170,90,45,90,45,60,Water,,0,0,1
322,3,Numel,Numel,,305,60,60,40,65,45,35,Fire,Ground,0,0,1
323,3,Camerupt,Camerupt,,460,70,100,70,105,75,40,Fire,Ground,0,0,1
323,3,Camerupt (Mega),Camerupt,Mega,560,70,120,100,145,105,20,Fire,Ground,0,0,1
324,3,Torkoal,Torkoal,,470,70,85,140,85,70,20,Fire,,0,0,1
325,3,Spoink,Spoink,,330,60,25,35,70,80,60,Psychic,,0,0,1
326,3,Grumpig,Grumpig,,470,80,45,65,90,110,80,Psychic,,0,0,1
327,3,Spinda,Spinda,,360,60,60,60,60,60,60,Normal,,0,0,1
328,3,Trapinch,Trapinch,,290,45,100,45,45,45,10,Ground,,0,0,1
329,3,Vibrava,Vibrava,,340,50,70,50,50,50,70,Ground,Dragon,0,0,1
330,3,Flygon,Flygon,,520,80,100,80,80,80,100,Ground,Dragon,0,0,1
331,3,Cacnea,Cacnea,,335,50,85,40,85,40,35,Grass,,0,0,1
332,3,Cacturne,Cacturne,,475,70,115,60,115,60,55,Grass,Dark,0,0,1
333,3,Swablu,Swablu,,310,45,40,60,40,75,50,Normal,Flying,0,0,1
334,3,Altaria,Altaria,,490,75,70,90,70,105,80,Dragon,Flying,0,0,1
334,3,Altaria (Mega),Altaria,Mega,590,75,110,110,110,105,80,Dragon,Fairy,0,0,1
335,3,Zangoose,Zangoose,,458,73,115,60,60,60,90,Normal,,0,0,1
336,3,Seviper,Seviper,,458,73,100,60,100,60,65,Poison,,0,0,1
337,3,Lunatone,Lunatone,,460,90,55,65,95,85,70,Rock,Psychic,0,0,1
338,3,Solrock,Solrock,,460,90,95,85,55,65,70,Rock,Psychic,0,0,1
339,3,Barboach,Barboach,,288,50,48,43,46,41,60,Water,Ground,0,0,1
340,3,Whiscash,Whiscash,,468,110,78,73,76,71,60,Water,Ground,0,0,1
341,3,Corphish,Corphish,,308,43,80,65,50,35,35,Water,,0,0,1
342,3,Crawdaunt,Crawdaunt,,468,63,120,85,90,55,55,Water,Dark,0,0,1
343,3,Baltoy,Baltoy,,300,40,40,55,40,70,55,Ground,Psychic,0,0,1
344,3,Claydol,Claydol,,500,60,70,105,70,120,75,Ground,Psychic,0,0,1
345,3,Lileep,Lileep,,355,66,41,77,61,87,23,Rock,Grass,0,0,1
346,3,Cradily,Cradily,,495,86,81,97,81,107,43,Rock,Grass,0,0,1
347,3,Anorith,Anorith,,355,45,95,50,40,50,75,Rock,Bug,0,0,1
348,3,Armaldo,Armaldo,,495,75,125,100,70,80,45,Rock,Bug,0,0,1
349,3,Feebas,Feebas,,200,20,15,20,10,55,80,Water,,0,0,1
350,3,Milotic,Milotic,,540,95,60,79,100,125,81,Water,,0,0,1
351,3,Castform,Castform,,420,70,70,70,70,70,70,Normal,,0,0,1
351,3,Castform (Sunny Form),Castform,Sunny Form,420,70,70,70,70,70,70,Fire,,0,0,1
351,3,Castform (Rainy Form),Castform,Rainy Form,420,70,70,70,70,70,70,Water,,0,0,1
351,3,Castform (Snowy Form),Castform,Snowy Form,420,70,70,70,70,70,70,Ice,,0,0,1
352,3,Kecleon,Kecleon,,440,60,90,70,60,120,40,Normal,,0,0,1
353,3,Shuppet,Shuppet,,295,44,75,35,63,33,45,Ghost,,0,0,1
354,3,Banette,Banette,,455,64,115,65,83,63,65,Ghost,,0,0,1
354,3,Banette (Mega),Banette,Mega,555,64,165,75,93,83,75,Ghost,,0,0,1
355,3,Duskull,Duskull,,295,20,40,90,30,90,25,Ghost,,0,0,1
356,3,Dusclops,Dusclops,,455,40,70,130,60,130,25,Ghost,,0,0,1
357,3,Tropius,Tropius,,460,99,68,83,72,87,51,Grass,Flying,0,0,1
358,3,Chimecho,Chimecho,,455,75,50,80,95,90,65,Psychic,,0,0,1
359,3,Absol,Absol,,465,65,130,60,75,60,75,Dark,,0,0,1
359,3,Absol (Mega),Absol,Mega,565,65,150,60,115,60,115,Dark,,0,0,1
360,3,Wynaut,Wynaut,,260,95,23,48,23,48,23,Psychic,,0,0,1
361,3,Snorunt,Snorunt,,300,50,50,50,50,50,50,Ice,,0,0,1
362,3,Glalie,Glalie,,480,80,80,80,80,80,80,Ice,,0,0,1
362,3,Glalie (Mega),Glalie,Mega,580,80,120,80,120,80,100,Ice,,0,0,1
363,3,Spheal,Spheal,,290,70,40,50,55,50,25,Ice,Water,0,0,1
364,3,Sealeo,Sealeo,,410,90,60,70,75,70,45,Ice,Water,0,0,1
365,3,Walrein,Walrein,,530,110,80,90,95,90,65,Ice,Water,0,0,1
366,3,Clamperl,Clamperl,,345,35,64,85,74,55,32,Water,,0,0,1
367,3,Huntail,Huntail,,485,55,104,105,94,75,52,Water,,0,0,1
368,3,Gorebyss,Gorebyss,,485,55,84,105,114,75,52,Water,,0,0,1
369,3,Relicanth,Relicanth,,485,100,90,130,45,65,55,Water,Rock,0,0,1
370,3,Luvdisc,Luvdisc,,330,43,30,55,40,65,97,Water,,0,0,1
371,3,Bagon,Bagon,,300,45,75,60,40,30,50,Dragon,,0,0,1
372,3,Shelgon,Shelgon,,420,65,95,100,60,50,50,Dragon,,0,0,1
373,3,Salamence,Salamence,,600,95,135,80,110,80,100,Dragon,Flying,0,0,1
373,3,Salamence (Mega),Salamence,Mega,700,95,145,130,120,90,120,Dragon,Flying,0,0,1
374,3,Beldum,Beldum,,300,40,55,80,35,60,30,Steel,Psychic,0,0,1
375,3,Metang,Metang,,420,60,75,100,55,80,50,Steel,Psychic,0,0,1
376,3,Metagross,Metagross,,600,80,135,130,95,90,70,Steel,Psychic,0,0,1
376,3,Metagross (Mega),Metagross,Mega,700,80,145,150,105,110,110,Steel,Psychic,0,0,1
377,3,Regirock,Regirock,,580,80,100,200,50,100,50,Rock,,1,0,1
378,3,Regice,Regice,,580,80,50,100,100,200,50,Ice,,1,0,1
379,3,Registeel,Registeel,,580,80,75,150,75,150,50,Steel,,1,0,1
380,3,Latias,Latias,,600,80,80,90,110,130,110,Dragon,Psychic,1,0,1
380,3,Latias (Mega),Latias,Mega,700,80,100,120,140,150,110,Dragon,Psychic,1,0,1
381,3,Latios,Latios,,600,80,90,80,130,110,110,Dragon,Psychic,1,0,1
381,3,Latios (Mega),Latios,Mega,700,80,130,100,160,120,110,Dragon,Psychic,1,0,1
382,3,Kyogre,Kyogre,,670,100,100,90,150,140,90,Water,,1,0,1
382,3,Kyogre (Primal),Kyogre,Primal,770,100,150,90,180,160,90,Water,,1,0,1
383,3,Groudon,Groudon,,670,100,150,140,100,90,90,Ground,,1,0,1
383,3,Groudon (Primal),Groudon,Primal,770,100,180,160,150,90,90,Ground,Fire,1,0,1
384,3,Rayquaza,Rayquaza,,680,105,150,90,150,90,95,Dragon,Flying,1,0,1
384,3,Rayquaza (Mega),Rayquaza,Mega,780,105,180,100,180,100,115,Dragon,Flying,1,0,1
385,3,Jirachi,Jirachi,,600,100,100,100,100,100,100,Steel,Psychic,0,1,1
386,3,Deoxys (Normal Forme),Deoxys,Normal Forme,600,50,150,50,150,50,150,Psychic,,0,1,1
386,3,Deoxys (Attack Forme),Deoxys,Attack Forme,600,50,180,20,180,20,150,Psychic,,0,1,1
386,3,Deoxys (Defense Forme),Deoxys,Defense Forme,600,50,70,160,70,160,90,Psychic,,0,1,1
386,3,Deoxys (Speed Forme),Deoxys,Speed Forme,600,50,95,90,95,90,180,Psychic,,0,1,1
387,4,Turtwig,Turtwig,,318,55,68,64,45,55,31,Grass,,0,0,1
388,4,Grotle,Grotle,,405,75,89,85,55,65,36,Grass,,0,0,1
389,4,Torterra,Torterra,,525,95,109,105,75,85,56,Grass,Ground,0,0,1
390,4,Chimchar,Chimchar,,309,44,58,44,58,44,61,Fire,,0,0,1
391,4,Monferno,Monferno,,405,64,78,52,78,52,81,Fire,Fighting,0,0,1
392,4,Infernape,Infernape,,534,76,104,71,104,71,108,Fire,Fighting,0,0,1
393,4,Piplup,Piplup,,314,53,51,53,61,56,40,Water,,0,0,1
394,4,Prinplup,Prinplup,,405,64,66,68,81,76,50,Water,,0,0,1
395,4,Empoleon,Empoleon,,530,84,86,88,111,101,60,Water,Steel,0,0,1
396,4,Starly,Starly,,245,40,55,30,30,30,60,Normal,Flying,0,0,1
397,4,Staravia,Staravia,,340,55,75,50,40,40,80,Normal,Flying,0,0,1
398,4,Staraptor,Staraptor,,485,85,120,70,50,60,100,Normal,Flying,0,0,1
399,4,Bidoof,Bidoof,,250,59,45,40,35,40,31,Normal,,0,0,1
400,4,Bibarel,Bibarel,,410,79,85,60,55,60,71,Normal,Water,0,0,1
401,4,Kricketot,Kricketot,,194,37,25,41,25,41,25,Bug,,0,0,1
402,4,Kricketune,Kricketune,,384,77,85,51,55,51,65,Bug,,0,0,1
403,4,Shinx,Shinx,,263,45,65,34,40,34,45,Electric,,0,0,1
404,4,Luxio,Luxio,,363,60,85,49,60,49,60,Electric,,0,0,1
405,4,Luxray,Luxray,,523,80,120,79,95,79,70,Electric,,0,0,1
406,4,Budew,Budew,,280,40,30,35,50,70,55,Grass,Poison,0,0,1
407,4,Roserade,Roserade,,515,60,70,65,125,105,90,Grass,Poison,0,0,1
408,4,Cranidos,Cranidos,,350,67,125,40,30,30,58,Rock,,0,0,1
409,4,Rampardos,Rampardos,,495,97,165,60,65,50,58,Rock,,0,0,1
410,4,Shieldon,Shieldon,,350,30,42,118,42,88,30,Rock,Steel,0,0,1
411,4,Bastiodon,Bastiodon,,495,60,52,168,47,138,30,Rock,Steel,0,0,1
412,4,Burmy (Plant Cloak),Burmy,Plant Cloak,224,40,29,45,29,45,36,Bug,,0,0,1
412,4,Burmy (Sandy Cloak),Burmy,Sandy Cloak,224,40,29,45,29,45,36,Bug,,0,0,1
412,4,Burmy (Trash Cloak),Burmy,Trash Cloak,224,40,29,45,29,45,36,Bug,,0,0,1
413,4,Wormadam (Plant Cloak),Wormadam,Plant Cloak,424,60,59,85,79,105,36,Bug,Grass,0,0,1
413,4,Wormadam (Sandy Cloak),Wormadam,Sandy Cloak,424,60,79,105,59,85,36,Bug,Ground,0,0,1
413,4,Wormadam (Trash Cloak),Wormadam,Trash Cloak,424,60,69,95,69,95,36,Bug,Steel,0,0,1
414,4,Mothim,Mothim,,424,70,94,50,94,50,66,Bug,Flying,0,0,1
415,4,Combee,Combee,,244,30,30,42,30,42,70,Bug,Flying,0,0,1
416,4,Vespiquen,Vespiquen,,474,70,80,102,80,102,40,Bug,Flying,0,0,1
417,4,Pachirisu,Pachirisu,,405,60,45,70,45,90,95,Electric,,0,0,1
418,4,Buizel,Buizel,,330,55,65,35,60,30,85,Water,,0,0,1
419,4,Floatzel,Floatzel,,495,85,105,55,85,50,115,Water,,0,0,1
420,4,Cherubi,Cherubi,,275,45,35,45,62,53,35,Grass,,0,0,1
421,4,Cherrim,Cherrim,,450,70,60,70,87,78,85,Grass,,0,0,1
422,4,Shellos,Shellos,,325,76,48,48,57,62,34,Water,,0,0,1
423,4,Gastrodon,Gastrodon,,475,111,83,68,92,82,39,Water,Ground,0,0,1
424,4,Ambipom,Ambipom,,482,75,100,66,60,66,115,Normal,,0,0,1
425,4,Drifloon,Drifloon,,348,90,50,34,60,44,70,Ghost,Flying,0,0,1
426,4,Drifblim,Drifblim,,498,150,80,44,90,54,80,Ghost,Flying,0,0,1
427,4,Buneary,Buneary,,350,55,66,44,44,56,85,Normal,,0,0,1
428,4,Lopunny,Lopunny,,480,65,76,84,54,96,105,Normal,,0,0,1
428,4,Lopunny (Mega),Lopunny,Mega,580,65,136,94,54,96,135,Normal,Fighting,0,0,1
429,4,Mismagius,Mismagius,,495,60,60,60,105,105,105,Ghost,,0,0,1
430,4,Honchkrow,Honchkrow,,505,100,125,52,105,52,71,Dark,Flying,0,0,1
431,4,Glameow,Glameow,,310,49,55,42,42,37,85,Normal,,0,0,1
432,4,Purugly,Purugly,,452,71,82,64,64,59,112,Normal,,0,0,1
433,4,Chingling,Chingling,,285,45,30,50,65,50,45,Psychic,,0,0,1
434,4,Stunky,Stunky,,329,63,63,47,41,41,74,Poison,Dark,0,0,1
435,4,Skuntank,Skuntank,,479,103,93,67,71,61,84,Poison,Dark,0,0,1
436,4,Bronzor,Bronzor,,300,57,24,86,24,86,23,Steel,Psychic,0,0,1
437,4,Bronzong,Bronzong,,500,67,89,116,79,116,33,Steel,Psychic,0,0,1
438,4,Bonsly,Bonsly,,290,50,80,95,10,45,10,Rock,,0,0,1
439,4,Mime Jr.,Mime Jr.,,310,20,25,45,70,90,60,Psychic,Fairy,0,0,1
440,4,Happiny,Happiny,,220,100,5,5,15,65,30,Normal,,0,0,1
441,4,Chatot,Chatot,,411,76,65,45,92,42,91,Normal,Flying,0,0,1
442,4,Spiritomb,Spiritomb,,485,50,92,108,92,108,35,Ghost,Dark,0,0,1
443,4,Gible,Gible,,300,58,70,45,40,45,42,Dragon,Ground,0,0,1
444,4,Gabite,Gabite,,410,68,90,65,50,55,82,Dragon,Ground,0,0,1
445,4,Garchomp,Garchomp,,600,108,130,95,80,85,102,Dragon,Ground,0,0,1
445,4,Garchomp (Mega),Garchomp,Mega,700,108,170,115,120,95,92,Dragon,Ground,0,0,1
446,4,Munchlax,Munchlax,,390,135,85,40,40,85,5,Normal,,0,0,1
447,4,Riolu,Riolu,,285,40,70,40,35,40,60,Fighting,,0,0,1
448,4,Lucario,Lucario,,525,70,110,70,115,70,90,Fighting,Steel,0,0,1
448,4,Lucario (Mega),Lucario,Mega,625,70,145,88,140,70,112,Fighting,Steel,0,0,1
449,4,Hippopotas,Hippopotas,,330,68,72,78,38,42,32,Ground,,0,0,1
450,4,Hippowdon,Hippowdon,,525,108,112,118,68,72,47,Ground,,0,0,1
451,4,Skorupi,Skorupi,,330,40,50,90,30,55,65,Poison,Bug,0,0,1
452,4,Drapion,Drapion,,500,70,90,110,60,75,95,Poison,Dark,0,0,1
453,4,Croagunk,Croagunk,,300,48,61,40,61,40,50,Poison,Fighting,0,0,1
454,4,Toxicroak,Toxicroak,,490,83,106,65,86,65,85,Poison,Fighting,0,0,1
455,4,Carnivine,Carnivine,,454,74,100,72,90,72,46,Grass,,0,0,1
456,4,Finneon,Finneon,,330,49,49,56,49,61,66,Water,,0,0,1
457,4,Lumineon,Lumineon,,460,69,69,76,69,86,91,Water,,0,0,1
458,4,Mantyke,Mantyke,,345,45,20,50,60,120,50,Water,Flying,0,0,1
459,4,Snover,Snover,,334,60,62,50,62,60,40,Grass,Ice,0,0,1
460,4,Abomasnow,Abomasnow,,494,90,92,75,92,85,60,Grass,Ice,0,0,1
460,4,Abomasnow (Mega),Abomasnow,Mega,594,90,132,105,132,105,30,Grass,Ice,0,0,1
461,4,Weavile,Weavile,,510,70,120,65,45,85,125,Dark,Ice,0,0,1
462,4,Magnezone,Magnezone,,535,70,70,115,130,90,60,Electric,Steel,0,0,1
463,4,Lickilicky,Lickilicky,,515,110,85,95,80,95,50,Normal,,0,0,1
464,4,Rhyperior,Rhyperior,,535,115,140,130,55,55,40,Ground,Rock,0,0,1
465,4,Tangrowth,Tangrowth,,535,100,100,125,110,50,50,Grass,,0,0,1
466,4,Electivire,Electivire,,540,75,123,67,95,85,95,Electric,,0,0,1
467,4,Magmortar,Magmortar,,540,75,95,67,125,95,83,Fire,,0,0,1
468,4,Togekiss,Togekiss,,545,85,50,95,120,115,80,Fairy,Flying,0,0,1
469,4,Yanmega,Yanmega,,515,86,76,86,116,56,95,Bug,Flying,0,0,1
470,4,Leafeon,Leafeon,,525,65,110,130,60,65,95,Grass,,0,0,1
471,4,Glaceon,Glaceon,,525,65,60,110,130,95,65,Ice,,0,0,1
472,4,Gliscor,Gliscor,,510,75,95,125,45,75,95,Ground,Flying,0,0,1
473,4,Mamoswine,Mamoswine,,530,110,130,80,70,60,80,Ice,Ground,0,0,1
474,4,Porygon-Z,Porygon-Z,,535,85,80,70,135,75,90,Normal,,0,0,1
475,4,Gallade,Gallade,,518,68,125,65,65,115,80,Psychic,Fighting,0,0,1
475,4,Gallade (Mega),Gallade,Mega,618,68,165,95,65,115,110,Psychic,Fighting,0,0,1
476,4,Probopass,Probopass,,525,60,55,145,75,150,40,Rock,Steel,0,0,1
477,4,Dusknoir,Dusknoir,,525,45,100,135,65,135,45,Ghost,,0,0,1
478,4,Froslass,Froslass,,480,70,80,70,80,70,110,Ice,Ghost,0,0,1
479,4,Rotom,Rotom,,440,50,50,77,95,77,91,Electric,Ghost,0,0,1
479,4,Rotom (Heat),Rotom,Heat,520,50,65,107,105,107,86,Electric,Fire,0,0,1
479,4,Rotom (Wash),Rotom,Wash,520,50,65,107,105,107,86,Electric,Water,0,0,1
479,4,Rotom (Frost),Rotom,Frost,520,50,65,107,105,107,86,Electric,Ice,0,0,1
479,4,Rotom (Fan),Rotom,Fan,520,50,65,107,105,107,86,Electric,Flying,0,0,1
479,4,Rotom (Mow),Rotom,Mow,520,50,65,107,105,107,86,Electric,Grass,0,0,1
480,4,Uxie,Uxie,,580,75,75,130,75,130,95,Psychic,,1,0,1
481,4,Mesprit,Mesprit,,580,80,105,105,105,105,80,Psychic,,1,0,1
482,4,Azelf,Azelf,,580,75,125,70,125,70,115,Psychic,,1,0,1
483,4,Dialga,Dialga,,680,100,120,120,150,100,90,Steel,Dragon,1,0,1
483,4,Dialga (Origin Forme),Dialga,Origin Forme,680,100,100,120,150,120,90,Steel,Dragon,1,0,1
484,4,Palkia,Palkia,,680,90,120,100,150,120,100,Water,Dragon,1,0,1
484,4,Palkia (Origin Forme),Palkia,Origin Forme,680,90,100,100,150,120,120,Water,Dragon,1,0,1
485,4,Heatran,Heatran,,600,91,90,106,130,106,77,Fire,Steel,1,0,1
486,4,Regigigas,Regigigas,,670,110,160,110,80,110,100,Normal,,1,0,1
487,4,Giratina (Altered Forme),Giratina,Altered Forme,680,150,100,120,100,120,90,Ghost,Dragon,1,0,1
487,4,Giratina (Origin Forme),Giratina,Origin Forme,680,150,120,100,120,100,90,Ghost,Dragon,1,0,1
488,4,Cresselia,Cresselia,,580,120,70,110,75,120,85,Psychic,,1,0,1
489,4,Phione,Phione,,480,80,80,80,80,80,80,Water,,0,1,1
490,4,Manaphy,Manaphy,,600,100,100,100,100,100,100,Water,,0,1,1
491,4,Darkrai,Darkrai,,600,70,90,90,135,90,125,Dark,,0,1,1
492,4,Shaymin (Land Forme),Shaymin,Land Forme,600,100,100,100,100,100,100,Grass,,0,1,1
492,4,Shaymin (Sky Forme),Shaymin,Sky Forme,600,100,103,75,120,75,127,Grass,Flying,0,1,1
493,4,Arceus,Arceus,,720,120,120,120,120,120,120,Normal,,0,1,1
494,5,Victini,Victini,,600,100,100,100,100,100,100,Psychic,Fire,0,1,0
495,5,Snivy,Snivy,,308,45,45,55,45,55,63,Grass,,0,0,1
496,5,Servine,Servine,,413,60,60,75,60,75,83,Grass,,0,0,1
497,5,Serperior,Serperior,,528,75,75,95,75,95,113,Grass,,0,0,1
498,5,Tepig,Tepig,,308,65,63,45,45,45,45,Fire,,0,0,1
499,5,Pignite,Pignite,,418,90,93,55,70,55,55,Fire,Fighting,0,0,1
500,5,Emboar,Emboar,,528,110,123,65,100,65,65,Fire,Fighting,0,0,1
501,5,Oshawott,Oshawott,,308,55,55,45,63,45,45,Water,,0,0,1
502,5,Dewott,Dewott,,413,75,75,60,83,60,60,Water,,0,0,1
503,5,Samurott,Samurott,,528,95,100,85,108,70,70,Water,,0,0,1
503,5,Samurott (Hisuian),Samurott,Hisuian,528,90,108,80,100,65,85,Water,Dark,0,0,1
504,5,Patrat,Patrat,,255,45,55,39,35,39,42,Normal,,0,0,1
505,5,Watchog,Watchog,,420,60,85,69,60,69,77,Normal,,0,0,1
506,5,Lillipup,Lillipup,,275,45,60,45,25,45,55,Normal,,0,0,1
507,5,Herdier,Herdier,,370,65,80,65,35,65,60,Normal,,0,0,1
508,5,Stoutland,Stoutland,,500,85,110,90,45,90,80,Normal,,0,0,1
509,5,Purrloin,Purrloin,,281,41,50,37,50,37,66,Dark,,0,0,1
510,5,Liepard,Liepard,,446,64,88,50,88,50,106,Dark,,0,0,1
511,5,Pansage,Pansage,,316,50,53,48,53,48,64,Grass,,0,0,1
512,5,Simisage,Simisage,,498,75,98,63,98,63,101,Grass,,0,0,1
513,5,Pansear,Pansear,,316,50,53,48,53,48,64,Fire,,0,0,1
514,5,Simisear,Simisear,,498,75,98,63,98,63,101,Fire,,0,0,1
515,5,Panpour,Panpour,,316,50,53,48,53,48,64,Water,,0,0,1
516,5,Simipour,Simipour,,498,75,98,63,98,63,101,Water,,0,0,1
517,5,Munna,Munna,,292,76,25,45,67,55,24,Psychic,,0,0,1
518,5,Musharna,Musharna,,487,116,55,85,107,95,29,Psychic,,0,0,1
519,5,Pidove,Pidove,,264,50,55,50,36,30,43,Normal,Flying,0,0,1
520,5,Tranquill,Tranquill,,358,62,77,62,50,42,65,Normal,Flying,0,0,1
521,5,Unfezant,Unfezant,,488,80,115,80,65,55,93,Normal,Flying,0,0,1
522,5,Blitzle,Blitzle,,295,45,60,32,50,32,76,Electric,,0,0,1
523,5,Zebstrika,Zebstrika,,497,75,100,63,80,63,116,Electric,,0,0,1
524,5,Roggenrola,Roggenrola,,280,55,75,85,25,25,15,Rock,,0,0,1
525,5,Boldore,Boldore,,390,70,105,105,50,40,20,Rock,,0,0,1
526,5,Gigalith,Gigalith,,515,85,135,130,60,80,25,Rock,,0,0,1
527,5,Woobat,Woobat,,323,65,45,43,55,43,72,Psychic,Flying,0,0,1
528,5,Swoobat,Swoobat,,425,67,57,55,77,55,114,Psychic,Flying,0,0,1
529,5,Drilbur,Drilbur,,328,60,85,40,30,45,68,Ground,,0,0,1
530,5,Excadrill,Excadrill,,508,110,135,60,50,65,88,Ground,Steel,0,0,1
531,5,Audino,Audino,,445,103,60,86,60,86,50,Normal,,0,0,1
531,5,Audino (Mega),Audino,Mega,545,103,60,126,80,126,50,Normal,Fairy,0,0,1
532,5,Timburr,Timburr,,305,75,80,55,25,35,35,Fighting,,0,0,1
533,5,Gurdurr,Gurdurr,,405,85,105,85,40,50,40,Fighting,,0,0,1
534,5,Conkeldurr,Conkeldurr,,505,105,140,95,55,65,45,Fighting,,0,0,1
535,5,Tympole,Tympole,,294,50,50,40,50,40,64,Water,,0,0,1
536,5,Palpitoad,Palpitoad,,384,75,65,55,65,55,69,Water,Ground,0,0,1
537,5,Seismitoad,Seismitoad,,509,105,95,75,85,75,74,Water,Ground,0,0,1
538,5,Throh,Throh,,465,120,100,85,30,85,45,Fighting,,0,0,1
539,5,Sawk,Sawk,,465,75,125,75,30,75,85,Fighting,,0,0,1
540,5,Sewaddle,Sewaddle,,310,45,53,70,40,60,42,Bug,Grass,0,0,1
541,5,Swadloon,Swadloon,,380,55,63,90,50,80,42,Bug,Grass,0,0,1
542,5,Leavanny,Leavanny,,500,75,103,80,70,80,92,Bug,Grass,0,0,1
543,5,Venipede,Venipede,,260,30,45,59,30,39,57,Bug,Poison,0,0,1
544,5,Whirlipede,Whirlipede,,360,40,55,99,40,79,47,Bug,Poison,0,0,1
545,5,Scolipede,Scolipede,,485,60,100,89,55,69,112,Bug,Poison,0,0,1
546,5,Cottonee,Cottonee,,280,40,27,60,37,50,66,Grass,Fairy,0,0,1
547,5,Whimsicott,Whimsicott,,480,60,67,85,77,75,116,Grass,Fairy,0,0,1
548,5,Petilil,Petilil,,280,45,35,50,70,50,30,Grass,,0,0,1
549,5,Lilligant,Lilligant,,480,70,60,75,110,75,90,Grass,,0,0,1
549,5,Lilligant (Hisuian),Lilligant,Hisuian,480,70,105,75,50,75,105,Grass,Fighting,0,0,1
550,5,Basculin (Red-Striped Form),Basculin,Red-Striped Form,460,70,92,65,80,55,98,Water,,0,0,1
550,5,Basculin (Blue-Striped Form),Basculin,Blue-Striped Form,460,70,92,65,80,55,98,Water,,0,0,1
550,5,Basculin (White-Striped Form),Basculin,White-Striped Form,460,70,92,65,80,55,98,Water,,0,0,1
551,5,Sandile,Sandile,,292,50,72,35,35,35,65,Ground,Dark,0,0,1
552,5,Krokorok,Krokorok,,351,60,82,45,45,45,74,Ground,Dark,0,0,1
553,5,Krookodile,Krookodile,,519,95,117,80,65,70,92,Ground,Dark,0,0,1
554,5,Darumaka,Darumaka,,315,70,90,45,15,45,50,Fire,,0,0,1
554,5,Darumaka (Galarian),Darumaka,Galarian,315,70,90,45,15,45,50,Ice,,0,0,1
555,5,Darmanitan (Standard Mode),Darmanitan,Standard Mode,480,105,140,55,30,55,95,Fire,,0,0,1
555,5,Darmanitan (Zen Mode),Darmanitan,Zen Mode,540,105,30,105,140,105,55,Fire,Psychic,0,0,1
555,5,Darmanitan (Galarian Standard Mode),Darmanitan,Galarian Standard Mode,480,105,140,55,30,55,95,Ice,,0,0,1
555,5,Darmanitan (Galarian Zen Mode),Darmanitan,Galarian Zen Mode,540,105,160,55,30,55,135,Ice,Fire,0,0,1
556,5,Maractus,Maractus,,461,75,86,67,106,67,60,Grass,,0,0,1
557,5,Dwebble,Dwebble,,325,50,65,85,35,35,55,Bug,Rock,0,0,1
558,5,Crustle,Crustle,,485,70,105,125,65,75,45,Bug,Rock,0,0,1
559,5,Scraggy,Scraggy,,348,50,75,70,35,70,48,Dark,Fighting,0,0,1
560,5,Scrafty,Scrafty,,488,65,90,115,45,115,58,Dark,Fighting,0,0,1
561,5,Sigilyph,Sigilyph,,490,72,58,80,103,80,97,Psychic,Flying,0,0,1
562,5,Yamask,Yamask,,303,38,30,85,55,65,30,Ghost,,0,0,1
562,5,Yamask (Galarian),Yamask,Galarian,303,38,55,85,30,65,30,Ground,Ghost,0,0,1
563,5,Cofagrigus,Cofagrigus,,483,58,50,145,95,105,30,Ghost,,0,0,1
564,5,Tirtouga,Tirtouga,,355,54,78,103,53,45,22,Water,Rock,0,0,1
565,5,Carracosta,Carracosta,,495,74,108,133,83,65,32,Water,Rock,0,0,1
566,5,Archen,Archen,,401,55,112,45,74,45,70,Rock,Flying,0,0,1
567,5,Archeops,Archeops,,567,75,140,65,112,65,110,Rock,Flying,0,0,1
568,5,Trubbish,Trubbish,,329,50,50,62,40,62,65,Poison,,0,0,1
569,5,Garbodor,Garbodor,,474,80,95,82,60,82,75,Poison,,0,0,1
570,5,Zorua,Zorua,,330,40,65,40,80,40,65,Dark,,0,0,1
570,5,Zorua (Hisuian),Zorua,Hisuian,330,35,60,40,85,40,70,Normal,Ghost,0,0,1
571,5,Zoroark,Zoroark,,510,60,105,60,120,60,105,Dark,,0,0,1
571,5,Zoroark (Hisuian),Zoroark,Hisuian,510,55,100,60,125,60,110,Normal,Ghost,0,0,1
572,5,Minccino,Minccino,,300,55,50,40,40,40,75,Normal,,0,0,1
573,5,Cinccino,Cinccino,,470,75,95,60,65,60,115,Normal,,0,0,1
574,5,Gothita,Gothita,,290,45,30,50,55,65,45,Psychic,,0,0,1
575,5,Gothorita,Gothorita,,390,60,45,70,75,85,55,Psychic,,0,0,1
576,5,Gothitelle,Gothitelle,,490,70,55,95,95,110,65,Psychic,,0,0,1
577,5,Solosis,Solosis,,290,45,30,40,105,50,20,Psychic,,0,0,1
578,5,Duosion,Duosion,,370,65,40,50,125,60,30,Psychic,,0,0,1
579,5,Reuniclus,Reuniclus,,490,110,65,75,125,85,30,Psychic,,0,0,1
580,5,Ducklett,Ducklett,,305,62,44,50,44,50,55,Water,Flying,0,0,1
581,5,Swanna,Swanna,,473,75,87,63,87,63,98,Water,Flying,0,0,1
582,5,Vanillite,Vanillite,,305,36,50,50,65,60,44,Ice,,0,0,1
583,5,Vanillish,Vanillish,,395,51,65,65,80,75,59,Ice,,0,0,1
584,5,Vanilluxe,Vanilluxe,,535,71,95,85,110,95,79,Ice,,0,0,1
585,5,Deerling,Deerling,,335,60,60,50,40,50,75,Normal,Grass,0,0,1
586,5,Sawsbuck,Sawsbuck,,475,80,100,70,60,70,95,Normal,Grass,0,0,1
587,5,Emolga,Emolga,,428,55,75,60,75,60,103,Electric,Flying,0,0,1
588,5,Karrablast,Karrablast,,315,50,75,45,40,45,60,Bug,,0,0,1
589,5,Escavalier,Escavalier,,495,70,135,105,60,105,20,Bug,Steel,0,0,1
590,5,Foongus,Foongus,,294,69,55,45,55,55,15,Grass,Poison,0,0,1
591,5,Amoonguss,Amoonguss,,464,114,85,70,85,80,30,Grass,Poison,0,0,1
592,5,Frillish,Frillish,,335,55,40,50,65,85,40,Water,Ghost,0,0,1
593,5,Jellicent,Jellicent,,480,100,60,70,85,105,60,Water,Ghost,0,0,1
594,5,Alomomola,Alomomola,,470,165,75,80,40,45,65,Water,,0,0,1
595,5,Joltik,Joltik,,319,50,47,50,57,50,65,Bug,Electric,0,0,1
596,5,Galvantula,Galvantula,,472,70,77,60,97,60,108,Bug,Electric,0,0,1
597,5,Ferroseed,Ferroseed,,305,44,50,91,24,86,10,Grass,Steel,0,0,1
598,5,Ferrothorn,Ferrothorn,,489,74,94,131,54,116,20,Grass,Steel,0,0,1
599,5,Klink,Klink,,300,40,55,70,45,60,30,Steel,,0,0,1
600,5,Klang,Klang,,440,60,80,95,70,85,50,Steel,,0,0,1
601,5,Klinklang,Klinklang,,520,60,100,115,70,85,90,Steel,,0,0,1
602,5,Tynamo,Tynamo,,275,35,55,40,45,40,60,Electric,,0,0,1
603,5,Eelektrik,Eelektrik,,405,65,85,70,75,70,40,Electric,,0,0,1
604,5,Eelektross,Eelektross,,515,85,115,80,105,80,50,Electric,,0,0,1
605,5,Elgyem,Elgyem,,335,55,55,55,85,55,30,Psychic,,0,0,1
606,5,Beheeyem,Beheeyem,,485,75,75,75,125,95,40,Psychic,,0,0,1
607,5,Litwick,Litwick,,275,50,30,55,65,55,20,Ghost,Fire,0,0,1
608,5,Lampent,Lampent,,370,60,40,60,95,60,55,Ghost,Fire,0,0,1
609,5,Chandelure,Chandelure,,520,60,55,90,145,90,80,Ghost,Fire,0,0,1
610,5,Axew,Axew,,320,46,87,60,30,40,57,Dragon,,0,0,1
611,5,Fraxure,Fraxure,,410,66,117,70,40,50,67,Dragon,,0,0,1
612,5,Haxorus,Haxorus,,540,76,147,90,60,70,97,Dragon,,0,0,1
613,5,Cubchoo,Cubchoo,,305,55,70,40,60,40,40,Ice,,0,0,1
614,5,Beartic,Beartic,,505,95,130,80,70,80,50,Ice,,0,0,1
615,5,Cryogonal,Cryogonal,,515,80,50,50,95,135,105,Ice,,0,0,1
616,5,Shelmet,Shelmet,,305,50,40,85,40,65,25,Bug,,0,0,1
617,5,Accelgor,Accelgor,,495,80,70,40,100,60,145,Bug,,0,0,1
618,5,Stunfisk,Stunfisk,,471,109,66,84,81,99,32,Ground,Electric,0,0,1
618,5,Stunfisk (Galarian),Stunfisk,Galarian,471,109,81,99,66,84,32,Ground,Steel,0,0,1
619,5,Mienfoo,Mienfoo,,350,45,85,50,55,50,65,Fighting,,0,0,1
620,5,Mienshao,Mienshao,,510,65,125,60,95,60,105,Fighting,,0,0,1
621,5,Druddigon,Druddigon,,485,77,120,90,60,90,48,Dragon,,0,0,1
622,5,Golett,Golett,,303,59,74,50,35,50,35,Ground,Ghost,0,0,1
623,5,Golurk,Golurk,,483,89,124,80,55,80,55,Ground,Ghost,0,0,1
624,5,Pawniard,Pawniard,,340,45,85,70,40,40,60,Dark,Steel,0,0,1
625,5,Bisharp,Bisharp,,490,65,125,100,60,70,70,Dark,Steel,0,0,1
626,5,Bouffalant,Bouffalant,,490,95,110,95,40,95,55,Normal,,0,0,1
627,5,Rufflet,Rufflet,,350,70,83,50,37,50,60,Normal,Flying,0,0,1
628,5,Braviary,Braviary,,510,100,123,75,57,75,80,Normal,Flying,0,0,1
628,5,Braviary (Hisuian),Braviary,Hisuian,510,110,83,70,112,70,65,Psychic,Flying,0,0,1
629,5,Vullaby,Vullaby,,370,70,55,75,45,65,60,Dark,Flying,0,0,1
630,5,Mandibuzz,Mandibuzz,,510,110,65,105,55,95,80,Dark,Flying,0,0,1
631,5,Heatmor,Heatmor,,484,85,97,66,105,66,65,Fire,,0,0,1
632,5,Durant,Durant,,484,58,109,112,48,48,109,Bug,Steel,0,0,1
633,5,Deino,Deino,,300,52,65,50,45,50,38,Dark,Dragon,0,0,1
634,5,Zweilous,Zweilous,,420,72,85,70,65,70,58,Dark,Dragon,0,0,1
635,5,Hydreigon,Hydreigon,,600,92,105,90,125,90,98,Dark,Dragon,0,0,1
636,5,Larvesta,Larvesta,,360,55,85,55,50,55,60,Bug,Fire,0,0,1
637,5,Volcarona,Volcarona,,550,85,60,65,135,105,100,Bug,Fire,0,0,1
638,5,Cobalion,Cobalion,,580,91,90,129,90,72,108,Steel,Fighting,1,0,1
639,5,Terrakion,Terrakion,,580,91,129,90,72,90,108,Rock,Fighting,1,0,1
640,5,Virizion,Virizion,,580,91,90,72,90,129,108,Grass,Fighting,1,0,1
641,5,Tornadus (Incarnate Forme),Tornadus,Incarnate Forme,580,79,115,70,125,80,111,Flying,,1,0,1
641,5,Tornadus (Therian Forme),Tornadus,Therian Forme,580,79,100,80,110,90,121,Flying,,1,0,1
642,5,Thundurus (Incarnate Forme),Thundurus,Incarnate Forme,580,79,115,70,125,80,111,Electric,Flying,1,0,1
642,5,Thundurus (Therian Forme),Thundurus,Therian Forme,580,79,105,70,145,80,101,Electric,Flying,1,0,1
643,5,Reshiram,Reshiram,,680,100,120,100,150,120,90,Dragon,Fire,1,0,1
644,5,Zekrom,Zekrom,,680,100,150,120,120,100,90,Dragon,Electric,1,0,1
645,5,Landorus (Incarnate Forme),Landorus,Incarnate Forme,600,89,125,90,115,80,101,Ground,Flying,1,0,1
645,5,Landorus (Therian Forme),Landorus,Therian Forme,600,89,145,90,105,80,91,Ground,Flying,1,0,1
646,5,Kyurem,Kyurem,,660,125,130,90,130,90,95,Dragon,Ice,1,0,1
646,5,Kyurem (White),Kyurem,White,700,125,120,90,170,100,95,Dragon,Ice,1,0,1
646,5,Kyurem (Black),Kyurem,Black,700,125,170,100,120,90,95,Dragon,Ice,1,0,1
647,5,Keldeo (Ordinary Form),Keldeo,Ordinary Form,580,91,72,90,129,90,108,Water,Fighting,0,1,1
647,5,Keldeo (Resolute Form),Keldeo,Resolute Form,580,91,72,90,129,90,108,Water,Fighting,0,1,1
648,5,Meloetta (Aria Forme),Meloetta,Aria Forme,600,100,77,77,128,128,90,Normal,Psychic,0,1,1
648,5,Meloetta (Pirouette Forme),Meloetta,Pirouette Forme,600,100,128,90,77,77,128,Normal,Fighting,0,1,1
649,5,Genesect,Genesect,,600,71,120,95,120,95,99,Bug,Steel,0,1,1
650,6,Chespin,Chespin,,313,56,61,65,48,45,38,Grass,,0,0,1
651,6,Quilladin,Quilladin,,405,61,78,95,56,58,57,Grass,,0,0,1
652,6,Chesnaught,Chesnaught,,530,88,107,122,74,75,64,Grass,Fighting,0,0,1
653,6,Fennekin,Fennekin,,307,40,45,40,62,60,60,Fire,,0,0,1
654,6,Braixen,Braixen,,409,59,59,58,90,70,73,Fire,,0,0,1
655,6,Delphox,Delphox,,534,75,69,72,114,100,104,Fire,Psychic,0,0,1
656,6,Froakie,Froakie,,314,41,56,40,62,44,71,Water,,0,0,1
657,6,Frogadier,Frogadier,,405,54,63,52,83,56,97,Water,,0,0,1
658,6,Greninja,Greninja,,530,72,95,67,103,71,122,Water,Dark,0,0,1
658,6,Greninja (Ash-),Greninja,Ash-,640,72,145,67,153,71,132,Water,Dark,0,0,1
659,6,Bunnelby,Bunnelby,,237,38,36,38,32,36,57,Normal,,0,0,1
660,6,Diggersby,Diggersby,,423,85,56,77,50,77,78,Normal,Ground,0,0,1
661,6,Fletchling,Fletchling,,278,45,50,43,40,38,62,Normal,Flying,0,0,1
662,6,Fletchinder,Fletchinder,,382,62,73,55,56,52,84,Fire,Flying,0,0,1
663,6,Talonflame,Talonflame,,499,78,81,71,74,69,126,Fire,Flying,0,0,1
664,6,Scatterbug,Scatterbug,,200,38,35,40,27,25,35,Bug,,0,0,1
665,6,Spewpa,Spewpa,,213,45,22,60,27,30,29,Bug,,0,0,1
666,6,Vivillon,Vivillon,,411,80,52,50,90,50,89,Bug,Flying,0,0,1
667,6,Litleo,Litleo,,369,62,50,58,73,54,72,Fire,Normal,0,0,1
668,6,Pyroar,Pyroar,,507,86,68,72,109,66,106,Fire,Normal,0,0,1
669,6,Flabébé,Flabébé,,303,44,38,39,61,79,42,Fairy,,0,0,1
670,6,Floette,Floette,,371,54,45,47,75,98,52,Fairy,,0,0,1
671,6,Florges,Florges,,552,78,65,68,112,154,75,Fairy,,0,0,1
672,6,Skiddo,Skiddo,,350,66,65,48,62,57,52,Grass,,0,0,1
673,6,Gogoat,Gogoat,,531,123,100,62,97,81,68,Grass,,0,0,1
674,6,Pancham,Pancham,,348,67,82,62,46,48,43,Fighting,,0,0,1
675,6,Pangoro,Pangoro,,495,95,124,78,69,71,58,Fighting,Dark,0,0,1
676,6,Furfrou,Furfrou,,472,75,80,60,65,90,102,Normal,,0,0,1
677,6,Espurr,Espurr,,355,62,48,54,63,60,68,Psychic,,0,0,1
678,6,Meowstic (Male),Meowstic,Male,466,74,48,76,83,81,104,Psychic,,0,0,1
678,6,Meowstic (Female),Meowstic,Female,466,74,48,76,83,81,104,Psychic,,0,0,1
679,6,Honedge,Honedge,,325,45,80,100,35,37,28,Steel,Ghost,0,0,1
680,6,Doublade,Doublade,,448,59,110,150,45,49,35,Steel,Ghost,0,0,1
681,6,Aegislash (Shield Forme),Aegislash,Shield Forme,500,60,50,140,50,140,60,Steel,Ghost,0,0,1
681,6,Aegislash (Blade Forme),Aegislash,Blade Forme,500,60,140,50,140,50,60,Steel,Ghost,0,0,1
682,6,Spritzee,Spritzee,,341,78,52,60,63,65,23,Fairy,,0,0,1
683,6,Aromatisse,Aromatisse,,462,101,72,72,99,89,29,Fairy,,0,0,1
684,6,Swirlix,Swirlix,,341,62,48,66,59,57,49,Fairy,,0,0,1
685,6,Slurpuff,Slurpuff,,480,82,80,86,85,75,72,Fairy,,0,0,1
686,6,Inkay,Inkay,,288,53,54,53,37,46,45,Dark,Psychic,0,0,1
687,6,Malamar,Malamar,,482,86,92,88,68,75,73,Dark,Psychic,0,0,1
687,6,Malamar (Mega),Malamar,Mega,582,86,102,88,98,120,88,Dark,Psychic,0,0,1
688,6,Binacle,Binacle,,306,42,52,67,39,56,50,Rock,Water,0,0,1
689,6,Barbaracle,Barbaracle,,500,72,105,115,54,86,68,Rock,Water,0,0,1
690,6,Skrelp,Skrelp,,320,50,60,60,60,60,30,Poison,Water,0,0,1
691,6,Dragalge,Dragalge,,494,65,75,90,97,123,44,Poison,Dragon,0,0,1
692,6,Clauncher,Clauncher,,330,50,53,62,58,63,44,Water,,0,0,1
693,6,Clawitzer,Clawitzer,,500,71,73,88,120,89,59,Water,,0,0,1
694,6,Helioptile,Helioptile,,289,44,38,33,61,43,70,Electric,Normal,0,0,1
695,6,Heliolisk,Heliolisk,,481,62,55,52,109,94,109,Electric,Normal,0,0,1
696,6,Tyrunt,Tyrunt,,362,58,89,77,45,45,48,Rock,Dragon,0,0,1
697,6,Tyrantrum,Tyrantrum,,521,82,121,119,69,59,71,Rock,Dragon,0,0,1
698,6,Amaura,Amaura,,362,77,59,50,67,63,46,Rock,Ice,0,0,1
699,6,Aurorus,Aurorus,,521,123,77,72,99,92,58,Rock,Ice,0,0,1
700,6,Sylveon,Sylveon,,525,95,65,65,110,130,60,Fairy,,0,0,1
701,6,Hawlucha,Hawlucha,,500,78,92,75,74,63,118,Fighting,Flying,0,0,1
701,6,Hawlucha (Mega),Hawlucha,Mega,600,78,137,100,74,93,118,Fighting,Flying,0,0,1
702,6,Dedenne,Dedenne,,431,67,58,57,81,67,101,Electric,Fairy,0,0,1
703,6,Carbink,Carbink,,500,50,50,150,50,150,50,Rock,Fairy,0,0,1
704,6,Goomy,Goomy,,300,45,50,35,55,75,40,Dragon,,0,0,1
705,6,Sliggoo,Sliggoo,,452,68,75,53,83,113,60,Dragon,,0,0,1
705,6,Sliggoo (Hisuian),Sliggoo,Hisuian,452,58,75,83,83,113,40,Steel,Dragon,0,0,1
706,6,Goodra,Goodra,,600,90,100,70,110,150,80,Dragon,,0,0,1
706,6,Goodra (Hisuian),Goodra,Hisuian,600,80,100,100,110,150,60,Steel,Dragon,0,0,1
707,6,Klefki,Klefki,,470,57,80,91,80,87,75,Steel,Fairy,0,0,1
708,6,Phantump,Phantump,,309,43,70,48,50,60,38,Ghost,Grass,0,0,1
709,6,Trevenant,Trevenant,,474,85,110,76,65,82,56,Ghost,Grass,0,0,1
710,6,Pumpkaboo (Average Size),Pumpkaboo,Average Size,335,49,66,70,44,55,51,Ghost,Grass,0,0,1
710,6,Pumpkaboo (Small Size),Pumpkaboo,Small Size,335,44,66,70,44,55,56,Ghost,Grass,0,0,1
710,6,Pumpkaboo (Large Size),Pumpkaboo,Large Size,335,54,66,70,44,55,46,Ghost,Grass,0,0,1
710,6,Pumpkaboo (Super Size),Pumpkaboo,Super Size,335,59,66,70,44,55,41,Ghost,Grass,0,0,1
711,6,Gourgeist (Average Size),Gourgeist,Average Size,494,65,90,122,58,75,84,Ghost,Grass,0,0,1
711,6,Gourgeist (Small Size),Gourgeist,Small Size,494,55,85,122,58,75,99,Ghost,Grass,0,0,1
711,6,Gourgeist (Large Size),Gourgeist,Large Size,494,75,95,122,58,75,69,Ghost,Grass,0,0,1
711,6,Gourgeist (Super Size),Gourgeist,Super Size,494,85,100,122,58,75,54,Ghost,Grass,0,0,1
712,6,Bergmite,Bergmite,,304,55,69,85,32,35,28,Ice,,0,0,1
713,6,Avalugg,Avalugg,,514,95,117,184,44,46,28,Ice,,0,0,1
713,6,Avalugg (Hisuian),Avalugg,Hisuian,514,95,127,184,34,36,38,Ice,Rock,0,0,1
714,6,Noibat,Noibat,,245,40,30,35,45,40,55,Flying,Dragon,0,0,1
715,6,Noivern,Noivern,,535,85,70,80,97,80,123,Flying,Dragon,0,0,1
716,6,Xerneas,Xerneas,,680,126,131,95,131,98,99,Fairy,,1,0,1
717,6,Yveltal,Yveltal,,680,126,131,95,131,98,99,Dark,Flying,1,0,1
718,6,Zygarde (50% Forme),Zygarde,50% Forme,600,108,100,121,81,95,95,Dragon,Ground,1,0,1
718,6,Zygarde (10% Forme),Zygarde,10% Forme,486,54,100,71,61,85,115,Dragon,Ground,1,0,1
718,6,Zygarde (Complete Forme),Zygarde,Complete Forme,708,216,100,121,91,95,85,Dragon,Ground,1,0,1
719,6,Diancie,Diancie,,600,50,100,150,100,150,50,Rock,Fairy,0,1,1
719,6,Diancie (Mega),Diancie,Mega,700,50,160,110,160,110,110,Rock,Fairy,0,1,1
720,6,Hoopa (Hoopa Confined),Hoopa,Hoopa Confined,600,80,110,60,150,130,70,Psychic,Ghost,0,1,0
720,6,Hoopa (Hoopa Unbound),Hoopa,Hoopa Unbound,680,80,160,60,170,130,80,Psychic,Dark,0,1,0
721,6,Volcanion,Volcanion,,600,80,110,120,130,90,70,Fire,Water,0,1,0
722,7,Rowlet,Rowlet,,320,68,55,55,50,50,42,Grass,Flying,0,0,1
723,7,Dartrix,Dartrix,,420,78,75,75,70,70,52,Grass,Flying,0,0,1
724,7,Decidueye,Decidueye,,530,78,107,75,100,100,70,Grass,Ghost,0,0,1
724,7,Decidueye (Hisuian),Decidueye,Hisuian,530,88,112,80,95,95,60,Grass,Fighting,0,0,1
725,7,Litten,Litten,,320,45,65,40,60,40,70,Fire,,0,0,1
726,7,Torracat,Torracat,,420,65,85,50,80,50,90,Fire,,0,0,1
727,7,Incineroar,Incineroar,,530,95,115,90,80,90,60,Fire,Dark,0,0,1
728,7,Popplio,Popplio,,320,50,54,54,66,56,40,Water,,0,0,1
729,7,Brionne,Brionne,,420,60,69,69,91,81,50,Water,,0,0,1
730,7,Primarina,Primarina,,530,80,74,74,126,116,60,Water,Fairy,0,0,1
731,7,Pikipek,Pikipek,,265,35,75,30,30,30,65,Normal,Flying,0,0,1
732,7,Trumbeak,Trumbeak,,355,55,85,50,40,50,75,Normal,Flying,0,0,1
733,7,Toucannon,Toucannon,,485,80,120,75,75,75,60,Normal,Flying,0,0,1
734,7,Yungoos,Yungoos,,253,48,70,30,30,30,45,Normal,,0,0,1
735,7,Gumshoos,Gumshoos,,418,88,110,60,55,60,45,Normal,,0,0,1
736,7,Grubbin,Grubbin,,300,47,62,45,55,45,46,Bug,,0,0,1
737,7,Charjabug,Charjabug,,400,57,82,95,55,75,36,Bug,Electric,0,0,1
738,7,Vikavolt,Vikavolt,,500,77,70,90,145,75,43,Bug,Electric,0,0,1
739,7,Crabrawler,Crabrawler,,338,47,82,57,42,47,63,Fighting,,0,0,1
740,7,Crabominable,Crabominable,,478,97,132,77,62,67,43,Fighting,Ice,0,0,1
741,7,Oricorio (Baile Style),Oricorio,Baile Style,476,75,70,70,98,70,93,Fire,Flying,0,0,1
741,7,Oricorio (Pom-Pom Style),Oricorio,Pom-Pom Style,476,75,70,70,98,70,93,Electric,Flying,0,0,1
741,7,Oricorio (Pa'u Style),Oricorio,Pa'u Style,476,75,70,70,98,70,93,Psychic,Flying,0,0,1
741,7,Oricorio (Sensu Style),Oricorio,Sensu Style,476,75,70,70,98,70,93,Ghost,Flying,0,0,1
742,7,Cutiefly,Cutiefly,,304,40,45,40,55,40,84,Bug,Fairy,0,0,1
743,7,Ribombee,Ribombee,,464,60,55,60,95,70,124,Bug,Fairy,0,0,1
744,7,Rockruff,Rockruff,,280,45,65,40,30,40,60,Rock,,0,0,1
744,7,Rockruff (Own Tempo),Rockruff,Own Tempo,280,45,65,40,30,40,60,Rock,,0,0,1
745,7,Lycanroc (Midday Form),Lycanroc,Midday Form,487,75,115,65,55,65,112,Rock,,0,0,1
745,7,Lycanroc (Midnight Form),Lycanroc,Midnight Form,487,85,115,75,55,75,82,Rock,,0,0,1
745,7,Lycanroc (Dusk Form),Lycanroc,Dusk Form,487,75,117,65,55,65,110,Rock,,0,0,1
746,7,Wishiwashi (Solo Form),Wishiwashi,Solo Form,175,45,20,20,25,25,40,Water,,0,0,1
746,7,Wishiwashi (School Form),Wishiwashi,School Form,620,45,140,130,140,135,30,Water,,0,0,1
747,7,Mareanie,Mareanie,,305,50,53,62,43,52,45,Poison,Water,0,0,1
748,7,Toxapex,Toxapex,,495,50,63,152,53,142,35,Poison,Water,0,0,1
749,7,Mudbray,Mudbray,,385,70,100,70,45,55,45,Ground,,0,0,1
750,7,Mudsdale,Mudsdale,,500,100,125,100,55,85,35,Ground,,0,0,1
751,7,Dewpider,Dewpider,,269,38,40,52,40,72,27,Water,Bug,0,0,1
752,7,Araquanid,Araquanid,,454,68,70,92,50,132,42,Water,Bug,0,0,1
753,7,Fomantis,Fomantis,,250,40,55,35,50,35,35,Grass,,0,0,1
754,7,Lurantis,Lurantis,,480,70,105,90,80,90,45,Grass,,0,0,1
755,7,Morelull,Morelull,,285,40,35,55,65,75,15,Grass,Fairy,0,0,1
756,7,Shiinotic,Shiinotic,,405,60,45,80,90,100,30,Grass,Fairy,0,0,1
757,7,Salandit,Salandit,,320,48,44,40,71,40,77,Poison,Fire,0,0,1
758,7,Salazzle,Salazzle,,480,68,64,60,111,60,117,Poison,Fire,0,0,1
759,7,Stufful,Stufful,,340,70,75,50,45,50,50,Normal,Fighting,0,0,1
760,7,Bewear,Bewear,,500,120,125,80,55,60,60,Normal,Fighting,0,0,1
761,7,Bounsweet,Bounsweet,,210,42,30,38,30,38,32,Grass,,0,0,1
762,7,Steenee,Steenee,,290,52,40,48,40,48,62,Grass,,0,0,1
763,7,Tsareena,Tsareena,,510,72,120,98,50,98,72,Grass,,0,0,1
764,7,Comfey,Comfey,,485,51,52,90,82,110,100,Fairy,,0,0,1
765,7,Oranguru,Oranguru,,490,90,60,80,90,110,60,Normal,Psychic,0,0,1
766,7,Passimian,Passimian,,490,100,120,90,40,60,80,Fighting,,0,0,1
767,7,Wimpod,Wimpod,,230,25,35,40,20,30,80,Bug,Water,0,0,1
768,7,Golisopod,Golisopod,,530,75,125,140,60,90,40,Bug,Water,0,0,1
769,7,Sandygast,Sandygast,,320,55,55,80,70,45,15,Ghost,Ground,0,0,1
770,7,Palossand,Palossand,,480,85,75,110,100,75,35,Ghost,Ground,0,0,1
771,7,Pyukumuku,Pyukumuku,,410,55,60,130,30,130,5,Water,,0,0,1
772,7,Type: Null,Type: Null,,534,95,95,95,95,95,59,Normal,,1,0,1
773,7,Silvally,Silvally,,570,95,95,95,95,95,95,Normal,,1,0,1
774,7,Minior (Meteor Form),Minior,Meteor Form,440,60,60,100,60,100,60,Rock,Flying,0,0,1
774,7,Minior (Core Form),Minior,Core Form,500,60,100,60,100,60,120,Rock,Flying,0,0,1
775,7,Komala,Komala,,480,65,115,65,75,95,65,Normal,,0,0,1
776,7,Turtonator,Turtonator,,485,60,78,135,91,85,36,Fire,Dragon,0,0,1
777,7,Togedemaru,Togedemaru,,435,65,98,63,40,73,96,Electric,Steel,0,0,1
778,7,Mimikyu,Mimikyu,,476,55,90,80,50,105,96,Ghost,Fairy,0,0,1
779,7,Bruxish,Bruxish,,475,68,105,70,70,70,92,Water,Psychic,0,0,1
780,7,Drampa,Drampa,,485,78,60,85,135,91,36,Normal,Dragon,0,0,1
781,7,Dhelmise,Dhelmise,,517,70,131,100,86,90,40,Ghost,Grass,0,0,1
782,7,Jangmo-o,Jangmo-o,,300,45,55,65,45,45,45,Dragon,,0,0,1
783,7,Hakamo-o,Hakamo-o,,420,55,75,90,65,70,65,Dragon,Fighting,0,0,1
784,7,Kommo-o,Kommo-o,,600,75,110,125,100,105,85,Dragon,Fighting,0,0,1
785,7,Tapu Koko,Tapu Koko,,570,70,115,85,95,75,130,Electric,Fairy,1,0,1
786,7,Tapu Lele,Tapu Lele,,570,70,85,75,130,115,95,Psychic,Fairy,1,0,1
787,7,Tapu Bulu,Tapu Bulu,,570,70,130,115,85,95,75,Grass,Fairy,1,0,1
788,7,Tapu Fini,Tapu Fini,,570,70,75,115,95,130,85,Water,Fairy,1,0,1
789,7,Cosmog,Cosmog,,200,43,29,31,29,31,37,Psychic,,1,0,0
790,7,Cosmoem,Cosmoem,,400,43,29,131,29,131,37,Psychic,,1,0,0
791,7,Solgaleo,Solgaleo,,680,137,137,107,113,89,97,Psychic,Steel,1,0,1
792,7,Lunala,Lunala,,680,137,113,89,137,107,97,Psychic,Ghost,1,0,1
793,7,Nihilego,Nihilego,,570,109,53,47,127,131,103,Rock,Poison,0,0,1
794,7,Buzzwole,Buzzwole,,570,107,139,139,53,53,79,Bug,Fighting,0,0,1
795,7,Pheromosa,Pheromosa,,570,71,137,37,137,37,151,Bug,Fighting,0,0,1
796,7,Xurkitree,Xurkitree,,570,83,89,71,173,71,83,Electric,,0,0,1
797,7,Celesteela,Celesteela,,570,97,101,103,107,101,61,Steel,Flying,0,0,1
798,7,Kartana,Kartana,,570,59,181,131,59,31,109,Grass,Steel,0,0,1
799,7,Guzzlord,Guzzlord,,570,223,101,53,97,53,43,Dark,Dragon,0,0,1
800,7,Necrozma,Necrozma,,600,97,107,101,127,89,79,Psychic,,1,0,1
800,7,Necrozma (Dusk Mane),Necrozma,Dusk Mane,680,97,157,127,113,109,77,Psychic,Steel,1,0,1
800,7,Necrozma (Dawn Wings),Necrozma,Dawn Wings,680,97,113,109,157,127,77,Psychic,Ghost,1,0,1
800,7,Necrozma (Ultra),Necrozma,Ultra,754,97,167,97,167,97,129,Psychic,Dragon,1,0,1
801,7,Magearna,Magearna,,600,80,95,115,130,115,65,Steel,Fairy,0,1,0
802,7,Marshadow,Marshadow,,600,90,125,80,90,90,125,Fighting,Ghost,0,1,0
803,7,Poipole,Poipole,,420,67,73,67,73,67,73,Poison,,0,0,1
804,7,Naganadel,Naganadel,,540,73,73,73,127,73,121,Poison,Dragon,0,0,1
805,7,Stakataka,Stakataka,,570,61,131,211,53,101,13,Rock,Steel,0,0,1
806,7,Blacephalon,Blacephalon,,570,53,127,53,151,79,107,Fire,Ghost,0,0,1
807,7,Zeraora,Zeraora,,600,88,112,75,102,80,143,Electric,,0,1,1
808,7,Meltan,Meltan,,300,46,65,65,55,35,34,Steel,,0,1,1
809,7,Melmetal,Melmetal,,600,135,143,143,80,65,34,Steel,,0,1,1
810,8,Grookey,Grookey,,310,50,65,50,40,40,65,Grass,,0,0,1
811,8,Thwackey,Thwackey,,420,70,85,70,55,60,80,Grass,,0,0,1
812,8,Rillaboom,Rillaboom,,530,100,125,90,60,70,85,Grass,,0,0,1
813,8,Scorbunny,Scorbunny,,310,50,71,40,40,40,69,Fire,,0,0,1
814,8,Raboot,Raboot,,420,65,86,60,55,60,94,Fire,,0,0,1
815,8,Cinderace,Cinderace,,530,80,116,75,65,75,119,Fire,,0,0,1
816,8,Sobble,Sobble,,310,50,40,40,70,40,70,Water,,0,0,1
817,8,Drizzile,Drizzile,,420,65,60,55,95,55,90,Water,,0,0,1
818,8,Inteleon,Inteleon,,530,70,85,65,125,65,120,Water,,0,0,1
819,8,Skwovet,Skwovet,,275,70,55,55,35,35,25,Normal,,0,0,1
820,8,Greedent,Greedent,,460,120,95,95,55,75,20,Normal,,0,0,1
821,8,Rookidee,Rookidee,,245,38,47,35,33,35,57,Flying,,0,0,1
822,8,Corvisquire,Corvisquire,,365,68,67,55,43,55,77,Flying,,0,0,1
823,8,Corviknight,Corviknight,,495,98,87,105,53,85,67,Flying,Steel,0,0,1
824,8,Blipbug,Blipbug,,180,25,20,20,25,45,45,Bug,,0,0,1
825,8,Dottler,Dottler,,335,50,35,80,50,90,30,Bug,Psychic,0,0,1
826,8,Orbeetle,Orbeetle,,505,60,45,110,80,120,90,Bug,Psychic,0,0,1
827,8,Nickit,Nickit,,245,40,28,28,47,52,50,Dark,,0,0,1
828,8,Thievul,Thievul,,455,70,58,58,87,92,90,Dark,,0,0,1
829,8,Gossifleur,Gossifleur,,250,40,40,60,40,60,10,Grass,,0,0,1
830,8,Eldegoss,Eldegoss,,460,60,50,90,80,120,60,Grass,,0,0,1
831,8,Wooloo,Wooloo,,270,42,40,55,40,45,48,Normal,,0,0,1
832,8,Dubwool,Dubwool,,490,72,80,100,60,90,88,Normal,,0,0,1
833,8,Chewtle,Chewtle,,284,50,64,50,38,38,44,Water,,0,0,1
834,8,Drednaw,Drednaw,,485,90,115,90,48,68,74,Water,Rock,0,0,1
835,8,Yamper,Yamper,,270,59,45,50,40,50,26,Electric,,0,0,1
836,8,Boltund,Boltund,,490,69,90,60,90,60,121,Electric,,0,0,1
837,8,Rolycoly,Rolycoly,,240,30,40,50,40,50,30,Rock,,0,0,1
838,8,Carkol,Carkol,,410,80,60,90,60,70,50,Rock,Fire,0,0,1
839,8,Coalossal,Coalossal,,510,110,80,120,80,90,30,Rock,Fire,0,0,1
840,8,Applin,Applin,,260,40,40,80,40,40,20,Grass,Dragon,0,0,1
841,8,Flapple,Flapple,,485,70,110,80,95,60,70,Grass,Dragon,0,0,1
842,8,Appletun,Appletun,,485,110,85,80,100,80,30,Grass,Dragon,0,0,1
843,8,Silicobra,Silicobra,,315,52,57,75,35,50,46,Ground,,0,0,1
844,8,Sandaconda,Sandaconda,,510,72,107,125,65,70,71,Ground,,0,0,1
845,8,Cramorant,Cramorant,,475,70,85,55,85,95,85,Flying,Water,0,0,1
846,8,Arrokuda,Arrokuda,,280,41,63,40,40,30,66,Water,,0,0,1
847,8,Barraskewda,Barraskewda,,490,61,123,60,60,50,136,Water,,0,0,1
848,8,Toxel,Toxel,,242,40,38,35,54,35,40,Electric,Poison,0,0,1
849,8,Toxtricity (Amped Form),Toxtricity,Amped Form,502,75,98,70,114,70,75,Electric,Poison,0,0,1
849,8,Toxtricity (Low Key Form),Toxtricity,Low Key Form,502,75,98,70,114,70,75,Electric,Poison,0,0,1
850,8,Sizzlipede,Sizzlipede,,305,50,65,45,50,50,45,Fire,Bug,0,0,1
851,8,Centiskorch,Centiskorch,,525,100,115,65,90,90,65,Fire,Bug,0,0,1
852,8,Clobbopus,Clobbopus,,310,50,68,60,50,50,32,Fighting,,0,0,1
853,8,Grapploct,Grapploct,,480,80,118,90,70,80,42,Fighting,,0,0,1
854,8,Sinistea,Sinistea,,308,40,45,45,74,54,50,Ghost,,0,0,1
855,8,Polteageist,Polteageist,,508,60,65,65,134,114,70,Ghost,,0,0,1
856,8,Hatenna,Hatenna,,265,42,30,45,56,53,39,Psychic,,0,0,1
857,8,Hattrem,Hattrem,,370,57,40,65,86,73,49,Psychic,,0,0,1
858,8,Hatterene,Hatterene,,510,57,90,95,136,103,29,Psychic,Fairy,0,0,1
859,8,Impidimp,Impidimp,,265,45,45,30,55,40,50,Dark,Fairy,0,0,1
860,8,Morgrem,Morgrem,,370,65,60,45,75,55,70,Dark,Fairy,0,0,1
861,8,Grimmsnarl,Grimmsnarl,,510,95,120,65,95,75,60,Dark,Fairy,0,0,1
862,8,Obstagoon,Obstagoon,,520,93,90,101,60,81,95,Dark,Normal,0,0,1
863,8,Perrserker,Perrserker,,440,70,110,100,50,60,50,Steel,,0,0,1
864,8,Cursola,Cursola,,510,60,95,50,145,130,30,Ghost,,0,0,1
865,8,Sirfetch'd,Sirfetch'd,,507,62,135,95,68,82,65,Fighting,,0,0,1
866,8,Mr. Rime,Mr. Rime,,520,80,85,75,110,100,70,Ice,Psychic,0,0,1
867,8,Runerigus,Runerigus,,483,58,95,145,50,105,30,Ground,Ghost,0,0,1
868,8,Milcery,Milcery,,270,45,40,40,50,61,34,Fairy,,0,0,1
869,8,Alcremie,Alcremie,,495,65,60,75,110,121,64,Fairy,,0,0,1
870,8,Falinks,Falinks,,470,65,100,100,70,60,75,Fighting,,0,0,1
871,8,Pincurchin,Pincurchin,,435,48,101,95,91,85,15,Electric,,0,0,1
872,8,Snom,Snom,,185,30,25,35,45,30,20,Ice,Bug,0,0,1
873,8,Frosmoth,Frosmoth,,475,70,65,60,125,90,65,Ice,Bug,0,0,1
874,8,Stonjourner,Stonjourner,,470,100,125,135,20,20,70,Rock,,0,0,1
875,8,Eiscue (Ice Face),Eiscue,Ice Face,470,75,80,110,65,90,50,Ice,,0,0,1
875,8,Eiscue (Noice Face),Eiscue,Noice Face,470,75,80,70,65,50,130,Ice,,0,0,1
876,8,Indeedee (Male),Indeedee,Male,475,60,65,55,105,95,95,Psychic,Normal,0,0,1
876,8,Indeedee (Female),Indeedee,Female,475,70,55,65,95,105,85,Psychic,Normal,0,0,1
877,8,Morpeko (Full Belly Mode),Morpeko,Full Belly Mode,436,58,95,58,70,58,97,Electric,Dark,0,0,1
877,8,Morpeko (Hangry Mode),Morpeko,Hangry Mode,436,58,95,58,70,58,97,Electric,Dark,0,0,1
878,8,Cufant,Cufant,,330,72,80,49,40,49,40,Steel,,0,0,1
879,8,Copperajah,Copperajah,,500,122,130,69,80,69,30,Steel,,0,0,1
880,8,Dracozolt,Dracozolt,,505,90,100,90,80,70,75,Electric,Dragon,0,0,1
881,8,Arctozolt,Arctozolt,,505,90,100,90,90,80,55,Electric,Ice,0,0,1
882,8,Dracovish,Dracovish,,505,90,90,100,70,80,75,Water,Dragon,0,0,1
883,8,Arctovish,Arctovish,,505,90,90,100,80,90,55,Water,Ice,0,0,1
884,8,Duraludon,Duraludon,,535,70,95,115,120,50,85,Steel,Dragon,0,0,1
885,8,Dreepy,Dreepy,,270,28,60,30,40,30,82,Dragon,Ghost,0,0,1
886,8,Drakloak,Drakloak,,410,68,80,50,60,50,102,Dragon,Ghost,0,0,1
887,8,Dragapult,Dragapult,,600,88,120,75,100,75,142,Dragon,Ghost,0,0,1
888,8,Zacian (Hero of Many Battles),Zacian,Hero of Many Battles,660,92,120,115,80,115,138,Fairy,,1,0,1
888,8,Zacian (Crowned Sword),Zacian,Crowned Sword,700,92,150,115,80,115,148,Fairy,Steel,1,0,1
889,8,Zamazenta (Hero of Many Battles),Zamazenta,Hero of Many Battles,660,92,120,115,80,115,138,Fighting,,1,0,1
889,8,Zamazenta (Crowned Shield),Zamazenta,Crowned Shield,700,92,120,140,80,140,128,Fighting,Steel,1,0,1
890,8,Eternatus,Eternatus,,690,140,85,95,145,95,130,Poison,Dragon,1,0,1
890,8,Eternatus (Eternamax),Eternatus,Eternamax,1125,255,115,250,125,250,130,Poison,Dragon,1,0,1
891,8,Kubfu,Kubfu,,385,60,90,60,53,50,72,Fighting,,1,0,0
892,8,Urshifu (Single Strike Style),Urshifu,Single Strike Style,550,100,130,100,63,60,97,Fighting,Dark,1,0,0
892,8,Urshifu (Rapid Strike Style),Urshifu,Rapid Strike Style,550,100,130,100,63,60,97,Fighting,Water,1,0,0
893,8,Zarude,Zarude,,600,105,120,105,70,95,105,Dark,Grass,0,1,0
894,8,Regieleki,Regieleki,,580,80,100,50,100,50,200,Electric,,1,0,1
895,8,Regidrago,Regidrago,,580,200,100,50,100,50,80,Dragon,,1,0,1
896,8,Glastrier,Glastrier,,580,100,145,130,65,110,30,Ice,,1,0,0
897,8,Spectrier,Spectrier,,580,100,65,60,145,80,130,Ghost,,1,0,0
898,8,Calyrex,Calyrex,,500,100,80,80,80,80,80,Psychic,Grass,1,0,0
898,8,Calyrex (Ice Rider),Calyrex,Ice Rider,680,100,165,150,85,130,50,Psychic,Ice,1,0,0
898,8,Calyrex (Shadow Rider),Calyrex,Shadow Rider,680,100,85,80,165,100,150,Psychic,Ghost,1,0,0
899,8,Wyrdeer,Wyrdeer,,525,103,105,72,105,75,65,Normal,Psychic,0,0,1
900,8,Kleavor,Kleavor,,500,70,135,95,45,70,85,Bug,Rock,0,0,1
901,8,Ursaluna,Ursaluna,,550,130,140,105,45,80,50,Ground,Normal,0,0,1
901,8,Ursaluna (Bloodmoon),Ursaluna,Bloodmoon,555,113,70,120,135,65,52,Ground,Normal,0,0,0
902,8,Basculegion (Male),Basculegion,Male,530,120,112,65,80,75,78,Water,Ghost,0,0,1
902,8,Basculegion (Female),Basculegion,Female,530,120,92,65,100,75,78,Water,Ghost,0,0,1
903,8,Sneasler,Sneasler,,510,80,130,60,40,80,120,Fighting,Poison,0,0,1
904,8,Overqwil,Overqwil,,510,85,115,95,65,65,85,Dark,Poison,0,0,1
905,8,Enamorus (Incarnate Forme),Enamorus,Incarnate Forme,580,74,115,70,135,80,106,Fairy,Flying,1,0,1
905,8,Enamorus (Therian Forme),Enamorus,Therian Forme,580,74,115,110,135,100,46,Fairy,Flying,1,0,1
906,9,Sprigatito,Sprigatito,,310,40,61,54,45,45,65,Grass,,0,0,1
907,9,Floragato,Floragato,,410,61,80,63,60,63,83,Grass,,0,0,1
908,9,Meowscarada,Meowscarada,,530,76,110,70,81,70,123,Grass,Dark,0,0,1
909,9,Fuecoco,Fuecoco,,310,67,45,59,63,40,36,Fire,,0,0,1
910,9,Crocalor,Crocalor,,411,81,55,78,90,58,49,Fire,,0,0,1
911,9,Skeledirge,Skeledirge,,530,104,75,100,110,75,66,Fire,Ghost,0,0,1
912,9,Quaxly,Quaxly,,310,55,65,45,50,45,50,Water,,0,0,1
913,9,Quaxwell,Quaxwell,,410,70,85,65,65,60,65,Water,,0,0,1
914,9,Quaquaval,Quaquaval,,530,85,120,80,85,75,85,Water,Fighting,0,0,1
915,9,Lechonk,Lechonk,,254,54,45,40,35,45,35,Normal,,0,0,1
916,9,Oinkologne (Male),Oinkologne,Male,489,110,100,75,59,80,65,Normal,,0,0,1
916,9,Oinkologne (Female),Oinkologne,Female,489,115,90,70,59,90,65,Normal,,0,0,1
917,9,Tarountula,Tarountula,,210,35,41,45,29,40,20,Bug,,0,0,1
918,9,Spidops,Spidops,,404,60,79,92,52,86,35,Bug,,0,0,1
919,9,Nymble,Nymble,,210,33,46,40,21,25,45,Bug,,0,0,1
920,9,Lokix,Lokix,,450,71,102,78,52,55,92,Bug,Dark,0,0,1
921,9,Pawmi,Pawmi,,240,45,50,20,40,25,60,Electric,,0,0,1
922,9,Pawmo,Pawmo,,350,60,75,40,50,40,85,Electric,Fighting,0,0,1
923,9,Pawmot,Pawmot,,490,70,115,70,70,60,105,Electric,Fighting,0,0,1
924,9,Tandemaus,Tandemaus,,305,50,50,45,40,45,75,Normal,,0,0,1
925,9,Maushold (Family of Four),Maushold,Family of Four,470,74,75,70,65,75,111,Normal,,0,0,1
925,9,Maushold (Family of Three),Maushold,Family of Three,470,74,75,70,65,75,111,Normal,,0,0,1
926,9,Fidough,Fidough,,312,37,55,70,30,55,65,Fairy,,0,0,1
927,9,Dachsbun,Dachsbun,,477,57,80,115,50,80,95,Fairy,,0,0,1
928,9,Smoliv,Smoliv,,260,41,35,45,58,51,30,Grass,Normal,0,0,1
929,9,Dolliv,Dolliv,,354,52,53,60,78,78,33,Grass,Normal,0,0,1
930,9,Arboliva,Arboliva,,510,78,69,90,125,109,39,Grass,Normal,0,0,1
931,9,Squawkabilly (Green Plumage),Squawkabilly,Green Plumage,417,82,96,51,45,51,92,Normal,Flying,0,0,1
931,9,Squawkabilly (Blue Plumage),Squawkabilly,Blue Plumage,417,82,96,51,45,51,92,Normal,Flying,0,0,1
931,9,Squawkabilly (Yellow Plumage),Squawkabilly,Yellow Plumage,417,82,96,51,45,51,92,Normal,Flying,0,0,1
931,9,Squawkabilly (White Plumage),Squawkabilly,White Plumage,417,82,96,51,45,51,92,Normal,Flying,0,0,1
932,9,Nacli,Nacli,,280,55,55,75,35,35,25,Rock,,0,0,1
933,9,Naclstack,Naclstack,,355,60,60,100,35,65,35,Rock,,0,0,1
934,9,Garganacl,Garganacl,,500,100,100,130,45,90,35,Rock,,0,0,1
935,9,Charcadet,Charcadet,,255,40,50,40,50,40,35,Fire,,0,0,1
936,9,Armarouge,Armarouge,,525,85,60,100,125,80,75,Fire,Psychic,0,0,1
937,9,Ceruledge,Ceruledge,,525,75,125,80,60,100,85,Fire,Ghost,0,0,1
938,9,Tadbulb,Tadbulb,,272,61,31,41,59,35,45,Electric,,0,0,1
939,9,Bellibolt,Bellibolt,,495,109,64,91,103,83,45,Electric,,0,0,1
940,9,Wattrel,Wattrel,,280,40,40,35,55,40,70,Electric,Flying,0,0,1
941,9,Kilowattrel,Kilowattrel,,490,70,70,60,105,60,125,Electric,Flying,0,0,1
942,9,Maschiff,Maschiff,,340,60,78,60,40,51,51,Dark,,0,0,1
943,9,Mabosstiff,Mabosstiff,,505,80,120,90,60,70,85,Dark,,0,0,1
944,9,Shroodle,Shroodle,,290,40,65,35,40,35,75,Poison,Normal,0,0,1
945,9,Grafaiai,Grafaiai,,485,63,95,65,80,72,110,Poison,Normal,0,0,1
946,9,Bramblin,Bramblin,,275,40,65,30,45,35,60,Grass,Ghost,0,0,1
947,9,Brambleghast,Brambleghast,,480,55,115,70,80,70,90,Grass,Ghost,0,0,1
948,9,Toedscool,Toedscool,,335,40,40,35,50,100,70,Ground,Grass,0,0,1
949,9,Toedscruel,Toedscruel,,515,80,70,65,80,120,100,Ground,Grass,0,0,1
950,9,Klawf,Klawf,,450,70,100,115,35,55,75,Rock,,0,0,1
951,9,Capsakid,Capsakid,,304,50,62,40,62,40,50,Grass,,0,0,1
952,9,Scovillain,Scovillain,,486,65,108,65,108,65,75,Grass,Fire,0,0,1
953,9,Rellor,Rellor,,270,41,50,60,31,58,30,Bug,,0,0,1
954,9,Rabsca,Rabsca,,470,75,50,85,115,100,45,Bug,Psychic,0,0,1
955,9,Flittle,Flittle,,255,30,35,30,55,30,75,Psychic,,0,0,1
956,9,Espathra,Espathra,,481,95,60,60,101,60,105,Psychic,,0,0,1
957,9,Tinkatink,Tinkatink,,297,50,45,45,35,64,58,Fairy,Steel,0,0,1
958,9,Tinkatuff,Tinkatuff,,380,65,55,55,45,82,78,Fairy,Steel,0,0,1
959,9,Tinkaton,Tinkaton,,506,85,75,77,70,105,94,Fairy,Steel,0,0,1
960,9,Wiglett,Wiglett,,245,10,55,25,35,25,95,Water,,0,0,1
961,9,Wugtrio,Wugtrio,,425,35,100,50,50,70,120,Water,,0,0,1
962,9,Bombirdier,Bombirdier,,485,70,103,85,60,85,82,Flying,Dark,0,0,1
963,9,Finizen,Finizen,,315,70,45,40,45,40,75,Water,,0,0,1
964,9,Palafin (Zero Form),Palafin,Zero Form,457,100,70,72,53,62,100,Water,,0,0,1
964,9,Palafin (Hero Form),Palafin,Hero Form,650,100,160,97,106,87,100,Water,,0,0,1
965,9,Varoom,Varoom,,300,45,70,63,30,45,47,Steel,Poison,0,0,1
966,9,Revavroom,Revavroom,,500,80,119,90,54,67,90,Steel,Poison,0,0,1
967,9,Cyclizar,Cyclizar,,501,70,95,65,85,65,121,Dragon,Normal,0,0,1
968,9,Orthworm,Orthworm,,480,70,85,145,60,55,65,Steel,,0,0,1
969,9,Glimmet,Glimmet,,350,48,35,42,105,60,60,Rock,Poison,0,0,1
970,9,Glimmora,Glimmora,,525,83,55,90,130,81,86,Rock,Poison,0,0,1
971,9,Greavard,Greavard,,290,50,61,60,30,55,34,Ghost,,0,0,1
972,9,Houndstone,Houndstone,,488,72,101,100,50,97,68,Ghost,,0,0,1
973,9,Flamigo,Flamigo,,500,82,115,74,75,64,90,Flying,Fighting,0,0,1
974,9,Cetoddle,Cetoddle,,334,108,68,45,30,40,43,Ice,,0,0,1
975,9,Cetitan,Cetitan,,521,170,113,65,45,55,73,Ice,,0,0,1
976,9,Veluza,Veluza,,478,90,102,73,78,65,70,Water,Psychic,0,0,1
977,9,Dondozo,Dondozo,,530,150,100,115,65,65,35,Water,,0,0,1
978,9,Tatsugiri (Curly Form),Tatsugiri,Curly Form,475,68,50,60,120,95,82,Dragon,Water,0,0,1
978,9,Tatsugiri (Droopy Form),Tatsugiri,Droopy Form,475,68,50,60,120,95,82,Dragon,Water,0,0,1
978,9,Tatsugiri (Stretchy Form),Tatsugiri,Stretchy Form,475,68,50,60,120,95,82,Dragon,Water,0,0,1
979,9,Annihilape,Annihilape,,535,110,115,80,50,90,90,Fighting,Ghost,0,0,1
980,9,Clodsire,Clodsire,,430,130,75,60,45,100,20,Poison,Ground,0,0,1
981,9,Farigiraf,Farigiraf,,520,120,90,70,110,70,60,Normal,Psychic,0,0,1
982,9,Dudunsparce (Two-Segment Form),Dudunsparce,Two-Segment Form,520,125,100,80,85,75,55,Normal,,0,0,1
982,9,Dudunsparce (Three-Segment Form),Dudunsparce,Three-Segment Form,520,125,100,80,85,75,55,Normal,,0,0,1
983,9,Kingambit,Kingambit,,550,100,135,120,60,85,50,Dark,Steel,0,0,1
984,9,Great Tusk,Great Tusk,,570,115,131,131,53,53,87,Ground,Fighting,0,0,1
985,9,Scream Tail,Scream Tail,,570,115,65,99,65,115,111,Fairy,Psychic,0,0,1
986,9,Brute Bonnet,Brute Bonnet,,570,111,127,99,79,99,55,Grass,Dark,0,0,1
987,9,Flutter Mane,Flutter Mane,,570,55,55,55,135,135,135,Ghost,Fairy,0,0,1
988,9,Slither Wing,Slither Wing,,570,85,135,79,85,105,81,Bug,Fighting,0,0,1
989,9,Sandy Shocks,Sandy Shocks,,570,85,81,97,121,85,101,Electric,Ground,0,0,1
990,9,Iron Treads,Iron Treads,,570,90,112,120,72,70,106,Ground,Steel,0,0,1
991,9,Iron Bundle,Iron Bundle,,570,56,80,114,124,60,136,Ice,Water,0,0,1
992,9,Iron Hands,Iron Hands,,570,154,140,108,50,68,50,Fighting,Electric,0,0,1
993,9,Iron Jugulis,Iron Jugulis,,570,94,80,86,122,80,108,Dark,Flying,0,0,1
994,9,Iron Moth,Iron Moth,,570,80,70,60,140,110,110,Fire,Poison,0,0,1
995,9,Iron Thorns,Iron Thorns,,570,100,134,110,70,84,72,Rock,Electric,0,0,1
996,9,Frigibax,Frigibax,,320,65,75,45,35,45,55,Dragon,Ice,0,0,1
997,9,Arctibax,Arctibax,,423,90,95,66,45,65,62,Dragon,Ice,0,0,1
998,9,Baxcalibur,Baxcalibur,,600,115,145,92,75,86,87,Dragon,Ice,0,0,1
999,9,Gimmighoul (Chest Form),Gimmighoul,Chest Form,300,45,30,70,75,70,10,Ghost,,0,0,1
999,9,Gimmighoul (Roaming Form),Gimmighoul,Roaming Form,300,45,30,25,75,45,80,Ghost,,0,0,1
1000,9,Gholdengo,Gholdengo,,550,87,60,95,133,91,84,Steel,Ghost,0,0,1
1001,9,Wo-Chien,Wo-Chien,,570,85,85,100,95,135,70,Dark,Grass,1,0,1
1002,9,Chien-Pao,Chien-Pao,,570,80,120,80,90,65,135,Dark,Ice,1,0,1
1003,9,Ting-Lu,Ting-Lu,,570,155,110,125,55,80,45,Dark,Ground,1,0,1
1004,9,Chi-Yu,Chi-Yu,,570,55,80,80,135,120,100,Dark,Fire,1,0,1
1005,9,Roaring Moon,Roaring Moon,,590,105,139,71,55,101,119,Dragon,Dark,0,0,1
1006,9,Iron Valiant,Iron Valiant,,590,74,130,90,120,60,116,Fairy,Fighting,0,0,1
1007,9,Koraidon,Koraidon,,670,100,135,115,85,100,135,Fighting,Dragon,1,0,1
1008,9,Miraidon,Miraidon,,670,100,85,100,135,115,135,Electric,Dragon,1,0,1
1009,9,Walking Wake,Walking Wake,,590,99,83,91,125,83,109,Water,Dragon,0,0,0
1010,9,Iron Leaves,Iron Leaves,,590,90,130,88,70,108,104,Grass,Psychic,0,0,0
1011,9,Dipplin,Dipplin,,485,80,80,110,95,80,40,Grass,Dragon,0,0,1
1012,9,Poltchageist,Poltchageist,,308,40,45,45,74,54,50,Grass,Ghost,0,0,1
1013,9,Sinistcha,Sinistcha,,508,71,60,106,121,80,70,Grass,Ghost,0,0,1
1014,9,Okidogi,Okidogi,,555,88,128,115,58,86,80,Poison,Fighting,1,0,0
1015,9,Munkidori,Munkidori,,555,88,75,66,130,90,106,Poison,Psychic,1,0,0
1016,9,Fezandipiti,Fezandipiti,,555,88,91,82,70,125,99,Poison,Fairy,1,0,0
1017,9,Ogerpon (Teal Mask),Ogerpon,Teal Mask,550,80,120,84,60,96,110,Grass,,1,0,0
1017,9,Ogerpon (Wellspring Mask),Ogerpon,Wellspring Mask,550,80,120,84,60,96,110,Grass,Water,1,0,0
1017,9,Ogerpon (Hearthflame Mask),Ogerpon,Hearthflame Mask,550,80,120,84,60,96,110,Grass,Fire,1,0,0
1017,9,Ogerpon (Cornerstone Mask),Ogerpon,Cornerstone Mask,550,80,120,84,60,96,110,Grass,Rock,1,0,0
1018,9,Archaludon,Archaludon,,600,90,105,130,125,65,85,Steel,Dragon,0,0,1
1019,9,Hydrapple,Hydrapple,,540,106,80,110,120,80,44,Grass,Dragon,0,0,1
1020,9,Gouging Fire,Gouging Fire,,590,105,115,121,65,93,91,Fire,Dragon,0,0,0
1021,9,Raging Bolt,Raging Bolt,,590,125,73,91,137,89,75,Electric,Dragon,0,0,0
1022,9,Iron Boulder,Iron Boulder,,590,90,120,80,68,108,124,Rock,Psychic,0,0,0
1023,9,Iron Crown,Iron Crown,,590,90,72,100,122,108,98,Steel,Psychic,0,0,0
1024,9,Terapagos (Normal Form),Terapagos,Normal Form,450,90,65,85,65,85,60,Normal,,1,0,0
1024,9,Terapagos (Terastal Form),Terapagos,Terastal Form,600,95,95,110,105,110,85,Normal,,1,0,0
1024,9,Terapagos (Stellar Form),Terapagos,Stellar Form,700,160,105,110,130,110,85,Normal,,1,0,0
1025,9,Pecharunt,Pecharunt,,600,88,88,160,88,88,88,Poison,Ghost,0,1,0
